"Q10_study_ID","SRDB_record_number","Source","StudyName","DOI"
1,,"Gulledge2000","Gulledge2000","https://doi.org/10.1007/s100210000025"
2,,"Ignace2019","Ignace2019","https://doi.org/10.1371/journal.pone.0223566"
3,"6075","SRDB","SRDB-10342",
3,"6076","SRDB","SRDB-10342",
4,"93","SRDB","SRDB-2037",
4,"95","SRDB","SRDB-2037",
4,"97","SRDB","SRDB-2037",
5,"2776","SRDB","SRDB-205",
5,"2777","SRDB","SRDB-205",
5,"2778","SRDB","SRDB-205",
5,"2779","SRDB","SRDB-205",
5,"2780","SRDB","SRDB-205",
5,"2781","SRDB","SRDB-205",
5,"2782","SRDB","SRDB-205",
5,"2783","SRDB","SRDB-205",
5,"2784","SRDB","SRDB-205",
5,"2785","SRDB","SRDB-205",
6,"6321","SRDB","SRDB-10351",
6,"6322","SRDB","SRDB-10351",
6,"6323","SRDB","SRDB-10351",
6,"6324","SRDB","SRDB-10351",
7,"1072","SRDB","SRDB-2065",
7,"1073","SRDB","SRDB-2065",
8,"1079","SRDB","SRDB-2081",
9,"1795","SRDB","SRDB-2102",
9,"1796","SRDB","SRDB-2102",
9,"1797","SRDB","SRDB-2102",
9,"1798","SRDB","SRDB-2102",
9,"1799","SRDB","SRDB-2102",
9,"1800","SRDB","SRDB-2102",
10,"2431","SRDB","SRDB-211",
11,"1080","SRDB","SRDB-2115",
11,"1081","SRDB","SRDB-2115",
12,"149","SRDB","SRDB-2129",
13,"274","SRDB","SRDB-2150",
13,"275","SRDB","SRDB-2150",
14,"6354","SRDB","SRDB-10362",
15,"432","SRDB","SRDB-2154",
15,"433","SRDB","SRDB-2154",
16,"15","SRDB","SRDB-2182",
16,"16","SRDB","SRDB-2182",
16,"17","SRDB","SRDB-2182",
16,"18","SRDB","SRDB-2182",
16,"19","SRDB","SRDB-2182",
16,"20","SRDB","SRDB-2182",
16,"21","SRDB","SRDB-2182",
16,"22","SRDB","SRDB-2182",
16,"23","SRDB","SRDB-2182",
16,"24","SRDB","SRDB-2182",
16,"25","SRDB","SRDB-2182",
16,"26","SRDB","SRDB-2182",
16,"27","SRDB","SRDB-2182",
16,"28","SRDB","SRDB-2182",
17,"6079","SRDB","SRDB-10373",
17,"6080","SRDB","SRDB-10373",
17,"6081","SRDB","SRDB-10373",
17,"6082","SRDB","SRDB-10373",
17,"6083","SRDB","SRDB-10373",
17,"6084","SRDB","SRDB-10373",
17,"6085","SRDB","SRDB-10373",
17,"6086","SRDB","SRDB-10373",
17,"6087","SRDB","SRDB-10373",
17,"6088","SRDB","SRDB-10373",
17,"6089","SRDB","SRDB-10373",
17,"6090","SRDB","SRDB-10373",
18,"629","SRDB","SRDB-2197",
18,"630","SRDB","SRDB-2197",
18,"631","SRDB","SRDB-2197",
19,"3332","SRDB","SRDB-220",
19,"3333","SRDB","SRDB-220",
19,"3334","SRDB","SRDB-220",
20,"632","SRDB","SRDB-2233",
21,"2999","SRDB","SRDB-2238",
22,"3000","SRDB","SRDB-2239",
22,"3001","SRDB","SRDB-2239",
22,"3002","SRDB","SRDB-2239",
22,"3003","SRDB","SRDB-2239",
22,"3004","SRDB","SRDB-2239",
22,"3005","SRDB","SRDB-2239",
22,"3006","SRDB","SRDB-2239",
22,"3007","SRDB","SRDB-2239",
22,"3008","SRDB","SRDB-2239",
22,"3009","SRDB","SRDB-2239",
22,"3010","SRDB","SRDB-2239",
23,"1086","SRDB","SRDB-2241",
24,"636","SRDB","SRDB-2251",
25,"286","SRDB","SRDB-2263",
26,"1806","SRDB","SRDB-2265",
26,"1807","SRDB","SRDB-2265",
26,"1808","SRDB","SRDB-2265",
26,"1809","SRDB","SRDB-2265",
26,"1810","SRDB","SRDB-2265",
26,"1811","SRDB","SRDB-2265",
27,"1088","SRDB","SRDB-2294",
27,"1089","SRDB","SRDB-2294",
27,"1090","SRDB","SRDB-2294",
27,"1091","SRDB","SRDB-2294",
27,"1092","SRDB","SRDB-2294",
28,"1818","SRDB","SRDB-2305",
29,"641","SRDB","SRDB-2318",
29,"642","SRDB","SRDB-2318",
30,"1819","SRDB","SRDB-2325",
30,"1820","SRDB","SRDB-2325",
30,"1821","SRDB","SRDB-2325",
30,"1822","SRDB","SRDB-2325",
30,"1823","SRDB","SRDB-2325",
30,"1824","SRDB","SRDB-2325",
30,"1825","SRDB","SRDB-2325",
30,"1826","SRDB","SRDB-2325",
30,"1827","SRDB","SRDB-2325",
30,"1828","SRDB","SRDB-2325",
30,"1829","SRDB","SRDB-2325",
31,"643","SRDB","SRDB-2326",
31,"644","SRDB","SRDB-2326",
31,"645","SRDB","SRDB-2326",
31,"646","SRDB","SRDB-2326",
31,"647","SRDB","SRDB-2326",
32,"1093","SRDB","SRDB-2331",
32,"1094","SRDB","SRDB-2331",
32,"1095","SRDB","SRDB-2331",
32,"1096","SRDB","SRDB-2331",
33,"1103","SRDB","SRDB-2349",
33,"1104","SRDB","SRDB-2349",
33,"1105","SRDB","SRDB-2349",
33,"1106","SRDB","SRDB-2349",
33,"1107","SRDB","SRDB-2349",
33,"1108","SRDB","SRDB-2349",
33,"1109","SRDB","SRDB-2349",
33,"1110","SRDB","SRDB-2349",
33,"1111","SRDB","SRDB-2349",
33,"1112","SRDB","SRDB-2349",
33,"1113","SRDB","SRDB-2349",
34,"2905","SRDB","SRDB-2352",
34,"2906","SRDB","SRDB-2352",
34,"2907","SRDB","SRDB-2352",
34,"2908","SRDB","SRDB-2352",
34,"2909","SRDB","SRDB-2352",
35,"2753","SRDB","SRDB-2354",
36,"1114","SRDB","SRDB-2355",
37,"659","SRDB","SRDB-2369",
37,"660","SRDB","SRDB-2369",
37,"661","SRDB","SRDB-2369",
37,"662","SRDB","SRDB-2369",
38,"1124","SRDB","SRDB-2372",
39,"2587","SRDB","SRDB-2373",
40,"3126","SRDB","SRDB-2387",
40,"3127","SRDB","SRDB-2387",
41,"88","SRDB","SRDB-2396",
41,"89","SRDB","SRDB-2396",
42,"663","SRDB","SRDB-2412",
42,"664","SRDB","SRDB-2412",
43,"665","SRDB","SRDB-2413",
43,"666","SRDB","SRDB-2413",
43,"667","SRDB","SRDB-2413",
43,"668","SRDB","SRDB-2413",
43,"669","SRDB","SRDB-2413",
43,"670","SRDB","SRDB-2413",
43,"671","SRDB","SRDB-2413",
43,"672","SRDB","SRDB-2413",
44,"175","SRDB","SRDB-2427",
44,"176","SRDB","SRDB-2427",
44,"177","SRDB","SRDB-2427",
44,"178","SRDB","SRDB-2427",
44,"179","SRDB","SRDB-2427",
44,"180","SRDB","SRDB-2427",
45,"2588","SRDB","SRDB-2437",
45,"2589","SRDB","SRDB-2437",
45,"2590","SRDB","SRDB-2437",
45,"2591","SRDB","SRDB-2437",
45,"2592","SRDB","SRDB-2437",
46,"3329","SRDB","SRDB-2451",
46,"3330","SRDB","SRDB-2451",
46,"3331","SRDB","SRDB-2451",
47,"44","SRDB","SRDB-2459",
48,"246","SRDB","SRDB-2464",
49,"1126","SRDB","SRDB-2479",
50,"2758","SRDB","SRDB-2501",
50,"2759","SRDB","SRDB-2501",
50,"2760","SRDB","SRDB-2501",
51,"1959","SRDB","SRDB-2503",
52,"1130","SRDB","SRDB-2506",
52,"1131","SRDB","SRDB-2506",
53,"3369","SRDB","SRDB-2513",
54,"254","SRDB","SRDB-2532",
54,"255","SRDB","SRDB-2532",
54,"256","SRDB","SRDB-2532",
54,"257","SRDB","SRDB-2532",
54,"258","SRDB","SRDB-2532",
54,"259","SRDB","SRDB-2532",
54,"260","SRDB","SRDB-2532",
54,"261","SRDB","SRDB-2532",
55,"1","SRDB","SRDB-2534",
55,"2","SRDB","SRDB-2534",
55,"3","SRDB","SRDB-2534",
55,"4","SRDB","SRDB-2534",
55,"5","SRDB","SRDB-2534",
55,"6","SRDB","SRDB-2534",
55,"7","SRDB","SRDB-2534",
55,"8","SRDB","SRDB-2534",
55,"9","SRDB","SRDB-2534",
55,"10","SRDB","SRDB-2534",
55,"11","SRDB","SRDB-2534",
55,"12","SRDB","SRDB-2534",
55,"13","SRDB","SRDB-2534",
55,"14","SRDB","SRDB-2534",
56,"6758","SRDB","SRDB-10460",
56,"6759","SRDB","SRDB-10460",
56,"6760","SRDB","SRDB-10460",
56,"6761","SRDB","SRDB-10460",
56,"6762","SRDB","SRDB-10460",
56,"6763","SRDB","SRDB-10460",
57,"489","SRDB","SRDB-2537",
57,"490","SRDB","SRDB-2537",
58,"362","SRDB","SRDB-2546",
58,"363","SRDB","SRDB-2546",
58,"364","SRDB","SRDB-2546",
58,"365","SRDB","SRDB-2546",
58,"366","SRDB","SRDB-2546",
58,"367","SRDB","SRDB-2546",
58,"368","SRDB","SRDB-2546",
58,"369","SRDB","SRDB-2546",
58,"370","SRDB","SRDB-2546",
58,"371","SRDB","SRDB-2546",
58,"372","SRDB","SRDB-2546",
58,"373","SRDB","SRDB-2546",
59,"1134","SRDB","SRDB-2560",
59,"1135","SRDB","SRDB-2560",
59,"1136","SRDB","SRDB-2560",
59,"1137","SRDB","SRDB-2560",
59,"1138","SRDB","SRDB-2560",
59,"1139","SRDB","SRDB-2560",
60,"1140","SRDB","SRDB-2563",
60,"1141","SRDB","SRDB-2563",
60,"1142","SRDB","SRDB-2563",
60,"1143","SRDB","SRDB-2563",
61,"1971","SRDB","SRDB-2583",
61,"1972","SRDB","SRDB-2583",
61,"1973","SRDB","SRDB-2583",
61,"1974","SRDB","SRDB-2583",
62,"6782","SRDB","SRDB-10464",
62,"6783","SRDB","SRDB-10464",
62,"6784","SRDB","SRDB-10464",
63,"1975","SRDB","SRDB-2584",
63,"1976","SRDB","SRDB-2584",
63,"1977","SRDB","SRDB-2584",
63,"1979","SRDB","SRDB-2584",
63,"1980","SRDB","SRDB-2584",
64,"689","SRDB","SRDB-2585",
65,"483","SRDB","SRDB-2613",
65,"484","SRDB","SRDB-2613",
65,"485","SRDB","SRDB-2613",
65,"486","SRDB","SRDB-2613",
66,"1151","SRDB","SRDB-2630",
66,"1152","SRDB","SRDB-2630",
66,"1153","SRDB","SRDB-2630",
66,"1154","SRDB","SRDB-2630",
66,"1155","SRDB","SRDB-2630",
66,"1156","SRDB","SRDB-2630",
66,"1157","SRDB","SRDB-2630",
66,"1158","SRDB","SRDB-2630",
66,"1159","SRDB","SRDB-2630",
66,"1160","SRDB","SRDB-2630",
67,"1164","SRDB","SRDB-2656",
67,"1165","SRDB","SRDB-2656",
67,"1166","SRDB","SRDB-2656",
67,"1167","SRDB","SRDB-2656",
67,"1168","SRDB","SRDB-2656",
67,"1169","SRDB","SRDB-2656",
67,"1170","SRDB","SRDB-2656",
67,"1171","SRDB","SRDB-2656",
67,"1172","SRDB","SRDB-2656",
67,"1173","SRDB","SRDB-2656",
67,"1174","SRDB","SRDB-2656",
67,"1175","SRDB","SRDB-2656",
67,"1176","SRDB","SRDB-2656",
67,"1177","SRDB","SRDB-2656",
67,"1178","SRDB","SRDB-2656",
67,"1179","SRDB","SRDB-2656",
67,"1180","SRDB","SRDB-2656",
67,"1181","SRDB","SRDB-2656",
67,"1182","SRDB","SRDB-2656",
67,"1183","SRDB","SRDB-2656",
67,"1184","SRDB","SRDB-2656",
67,"1185","SRDB","SRDB-2656",
67,"1186","SRDB","SRDB-2656",
67,"1187","SRDB","SRDB-2656",
67,"1188","SRDB","SRDB-2656",
67,"1195","SRDB","SRDB-2656",
68,"6799","SRDB","SRDB-10465",
69,"6811","SRDB","SRDB-10467",
70,"1651","SRDB","SRDB-267",
71,"1987","SRDB","SRDB-2672",
71,"1988","SRDB","SRDB-2672",
71,"1989","SRDB","SRDB-2672",
72,"1214","SRDB","SRDB-2680",
72,"1215","SRDB","SRDB-2680",
72,"1216","SRDB","SRDB-2680",
72,"1217","SRDB","SRDB-2680",
73,"6815","SRDB","SRDB-10472",
73,"6817","SRDB","SRDB-10472",
73,"6819","SRDB","SRDB-10472",
73,"6821","SRDB","SRDB-10472",
74,"1229","SRDB","SRDB-2696",
75,"1238","SRDB","SRDB-2722",
75,"1242","SRDB","SRDB-2722",
75,"1246","SRDB","SRDB-2722",
75,"1250","SRDB","SRDB-2722",
76,"4650","SRDB","SRDB-2746",
76,"4651","SRDB","SRDB-2746",
76,"4652","SRDB","SRDB-2746",
77,"1261","SRDB","SRDB-2771",
77,"1262","SRDB","SRDB-2771",
78,"2616","SRDB","SRDB-2820",
79,"2015","SRDB","SRDB-2831",
80,"580","SRDB","SRDB-2833",
80,"581","SRDB","SRDB-2833",
80,"582","SRDB","SRDB-2833",
80,"583","SRDB","SRDB-2833",
81,"2016","SRDB","SRDB-2842",
81,"2017","SRDB","SRDB-2842",
82,"2018","SRDB","SRDB-2844",
82,"2019","SRDB","SRDB-2844",
82,"2020","SRDB","SRDB-2844",
82,"2021","SRDB","SRDB-2844",
82,"2022","SRDB","SRDB-2844",
82,"2023","SRDB","SRDB-2844",
83,"6865","SRDB","SRDB-10487",
84,"79","SRDB","SRDB-2877",
84,"80","SRDB","SRDB-2877",
84,"81","SRDB","SRDB-2877",
84,"82","SRDB","SRDB-2877",
84,"83","SRDB","SRDB-2877",
84,"84","SRDB","SRDB-2877",
84,"85","SRDB","SRDB-2877",
84,"86","SRDB","SRDB-2877",
85,"6869","SRDB","SRDB-10489",
85,"6870","SRDB","SRDB-10489",
85,"6871","SRDB","SRDB-10489",
86,"2026","SRDB","SRDB-2879",
86,"2027","SRDB","SRDB-2879",
86,"2028","SRDB","SRDB-2879",
86,"2029","SRDB","SRDB-2879",
86,"2030","SRDB","SRDB-2879",
86,"2031","SRDB","SRDB-2879",
86,"2032","SRDB","SRDB-2879",
86,"2033","SRDB","SRDB-2879",
87,"2765","SRDB","SRDB-2893",
88,"481","SRDB","SRDB-2915",
88,"482","SRDB","SRDB-2915",
89,"2050","SRDB","SRDB-2926",
90,"513","SRDB","SRDB-2940",
90,"514","SRDB","SRDB-2940",
90,"515","SRDB","SRDB-2940",
90,"516","SRDB","SRDB-2940",
90,"517","SRDB","SRDB-2940",
90,"518","SRDB","SRDB-2940",
91,"2060","SRDB","SRDB-2952",
92,"2138","SRDB","SRDB-2976",
93,"3014","SRDB","SRDB-2980",
94,"2139","SRDB","SRDB-2981",
94,"2140","SRDB","SRDB-2981",
95,"2629","SRDB","SRDB-3029",
96,"3365","SRDB","SRDB-3030",
97,"2154","SRDB","SRDB-3052",
98,"2191","SRDB","SRDB-3083",
98,"2192","SRDB","SRDB-3083",
98,"2193","SRDB","SRDB-3083",
98,"2194","SRDB","SRDB-3083",
99,"2313","SRDB","SRDB-3115",
99,"2314","SRDB","SRDB-3115",
99,"2315","SRDB","SRDB-3115",
99,"2316","SRDB","SRDB-3115",
99,"2317","SRDB","SRDB-3115",
99,"2318","SRDB","SRDB-3115",
99,"2319","SRDB","SRDB-3115",
99,"2320","SRDB","SRDB-3115",
99,"2321","SRDB","SRDB-3115",
99,"2322","SRDB","SRDB-3115",
99,"2323","SRDB","SRDB-3115",
100,"819","SRDB","SRDB-312",
101,"2325","SRDB","SRDB-3130",
102,"3266","SRDB","SRDB-3131",
103,"58","SRDB","SRDB-3138",
103,"59","SRDB","SRDB-3138",
104,"2850","SRDB","SRDB-3139",
104,"2851","SRDB","SRDB-3139",
105,"332","SRDB","SRDB-3148",
105,"333","SRDB","SRDB-3148",
105,"334","SRDB","SRDB-3148",
106,"2326","SRDB","SRDB-3156",
106,"2328","SRDB","SRDB-3156",
107,"141","SRDB","SRDB-316",
108,"6890","SRDB","SRDB-10510",
108,"6891","SRDB","SRDB-10510",
108,"6892","SRDB","SRDB-10510",
108,"6893","SRDB","SRDB-10510",
108,"6894","SRDB","SRDB-10510",
108,"6895","SRDB","SRDB-10510",
108,"6896","SRDB","SRDB-10510",
109,"69","SRDB","SRDB-3179",
109,"70","SRDB","SRDB-3179",
109,"71","SRDB","SRDB-3179",
110,"3054","SRDB","SRDB-3190",
111,"523","SRDB","SRDB-3211",
111,"524","SRDB","SRDB-3211",
111,"525","SRDB","SRDB-3211",
111,"526","SRDB","SRDB-3211",
112,"2355","SRDB","SRDB-3212",
113,"2639","SRDB","SRDB-3222",
114,"1280","SRDB","SRDB-3263",
115,"1284","SRDB","SRDB-3273",
115,"1285","SRDB","SRDB-3273",
115,"1286","SRDB","SRDB-3273",
116,"1321","SRDB","SRDB-3302",
116,"1322","SRDB","SRDB-3302",
116,"1323","SRDB","SRDB-3302",
116,"1324","SRDB","SRDB-3302",
116,"1325","SRDB","SRDB-3302",
116,"1326","SRDB","SRDB-3302",
116,"1327","SRDB","SRDB-3302",
116,"1328","SRDB","SRDB-3302",
117,"3243","SRDB","SRDB-3307",
118,"429","SRDB","SRDB-3315",
118,"430","SRDB","SRDB-3315",
118,"431","SRDB","SRDB-3315",
119,"439","SRDB","SRDB-3320",
120,"77","SRDB","SRDB-3324",
121,"3035","SRDB","SRDB-3326",
121,"3036","SRDB","SRDB-3326",
122,"1342","SRDB","SRDB-3333",
123,"1346","SRDB","SRDB-3343",
124,"1347","SRDB","SRDB-3344",
124,"1348","SRDB","SRDB-3344",
125,"2996","SRDB","SRDB-3368",
126,"1356","SRDB","SRDB-3386",
126,"1357","SRDB","SRDB-3386",
126,"1358","SRDB","SRDB-3386",
127,"2521","SRDB","SRDB-3394",
128,"2859","SRDB","SRDB-3399",
128,"2865","SRDB","SRDB-3399",
128,"2871","SRDB","SRDB-3399",
129,"146","SRDB","SRDB-3413",
129,"147","SRDB","SRDB-3413",
130,"3163","SRDB","SRDB-3415",
131,"2647","SRDB","SRDB-3420",
131,"2650","SRDB","SRDB-3420",
132,"623","SRDB","SRDB-3429",
132,"624","SRDB","SRDB-3429",
132,"625","SRDB","SRDB-3429",
132,"626","SRDB","SRDB-3429",
132,"627","SRDB","SRDB-3429",
132,"628","SRDB","SRDB-3429",
133,"114","SRDB","SRDB-1078",
134,"2462","SRDB","SRDB-109",
135,"2655","SRDB","SRDB-3445",
136,"2690","SRDB","SRDB-3494",
137,"152","SRDB","SRDB-3509",
137,"162","SRDB","SRDB-3509",
138,"2472","SRDB","SRDB-352",
138,"2473","SRDB","SRDB-352",
139,"3252","SRDB","SRDB-1093",
140,"2746","SRDB","SRDB-3561",
140,"2747","SRDB","SRDB-3561",
140,"2748","SRDB","SRDB-3561",
140,"2749","SRDB","SRDB-3561",
141,"3253","SRDB","SRDB-3600",
141,"3254","SRDB","SRDB-3600",
141,"3255","SRDB","SRDB-3600",
142,"2773","SRDB","SRDB-3618",
142,"2774","SRDB","SRDB-3618",
142,"2775","SRDB","SRDB-3618",
143,"2881","SRDB","SRDB-3619",
143,"2882","SRDB","SRDB-3619",
143,"2883","SRDB","SRDB-3619",
143,"2884","SRDB","SRDB-3619",
144,"2438","SRDB","SRDB-3647",
144,"2439","SRDB","SRDB-3647",
144,"2440","SRDB","SRDB-3647",
145,"706","SRDB","SRDB-1099",
145,"707","SRDB","SRDB-1099",
146,"2880","SRDB","SRDB-3649",
147,"2997","SRDB","SRDB-3650",
147,"2998","SRDB","SRDB-3650",
148,"276","SRDB","SRDB-3653",
148,"277","SRDB","SRDB-3653",
148,"278","SRDB","SRDB-3653",
148,"279","SRDB","SRDB-3653",
148,"280","SRDB","SRDB-3653",
148,"281","SRDB","SRDB-3653",
149,"374","SRDB","SRDB-1116",
149,"376","SRDB","SRDB-1116",
149,"377","SRDB","SRDB-1116",
149,"379","SRDB","SRDB-1116",
149,"381","SRDB","SRDB-1116",
149,"383","SRDB","SRDB-1116",
149,"385","SRDB","SRDB-1116",
149,"387","SRDB","SRDB-1116",
149,"392","SRDB","SRDB-1116",
149,"393","SRDB","SRDB-1116",
149,"394","SRDB","SRDB-1116",
149,"396","SRDB","SRDB-1116",
149,"397","SRDB","SRDB-1116",
149,"399","SRDB","SRDB-1116",
150,"3072","SRDB","SRDB-3656",
151,"2896","SRDB","SRDB-3665",
151,"2897","SRDB","SRDB-3665",
152,"329","SRDB","SRDB-3669",
152,"330","SRDB","SRDB-3669",
152,"331","SRDB","SRDB-3669",
153,"480","SRDB","SRDB-3675",
154,"2741","SRDB","SRDB-3676",
154,"2742","SRDB","SRDB-3676",
155,"2738","SRDB","SRDB-3683",
155,"2739","SRDB","SRDB-3683",
155,"2740","SRDB","SRDB-3683",
156,"2444","SRDB","SRDB-3700",
156,"2445","SRDB","SRDB-3700",
156,"2446","SRDB","SRDB-3700",
157,"2364","SRDB","SRDB-3710",
157,"2368","SRDB","SRDB-3710",
157,"2369","SRDB","SRDB-3710",
158,"968","SRDB","SRDB-3733",
158,"969","SRDB","SRDB-3733",
158,"970","SRDB","SRDB-3733",
158,"971","SRDB","SRDB-3733",
158,"972","SRDB","SRDB-3733",
158,"973","SRDB","SRDB-3733",
158,"974","SRDB","SRDB-3733",
158,"975","SRDB","SRDB-3733",
159,"977","SRDB","SRDB-3795",
160,"3080","SRDB","SRDB-3801",
160,"3081","SRDB","SRDB-3801",
160,"3082","SRDB","SRDB-3801",
160,"3083","SRDB","SRDB-3801",
161,"133","SRDB","SRDB-3845",
161,"134","SRDB","SRDB-3845",
161,"135","SRDB","SRDB-3845",
161,"136","SRDB","SRDB-3845",
161,"137","SRDB","SRDB-3845",
161,"2307","SRDB","SRDB-3845",
161,"2308","SRDB","SRDB-3845",
161,"2309","SRDB","SRDB-3845",
161,"2310","SRDB","SRDB-3845",
161,"2311","SRDB","SRDB-3845",
162,"2808","SRDB","SRDB-3861",
163,"3270","SRDB","SRDB-3872",
163,"3271","SRDB","SRDB-3872",
163,"3272","SRDB","SRDB-3872",
163,"3273","SRDB","SRDB-3872",
164,"2806","SRDB","SRDB-3873",
164,"2807","SRDB","SRDB-3873",
165,"1004","SRDB","SRDB-3885",
165,"1005","SRDB","SRDB-3885",
165,"1006","SRDB","SRDB-3885",
166,"2804","SRDB","SRDB-3888",
167,"2298","SRDB","SRDB-3889",
167,"2299","SRDB","SRDB-3889",
168,"2295","SRDB","SRDB-3893",
168,"2296","SRDB","SRDB-3893",
168,"2297","SRDB","SRDB-3893",
169,"1008","SRDB","SRDB-3907",
169,"1009","SRDB","SRDB-3907",
169,"1010","SRDB","SRDB-3907",
169,"1011","SRDB","SRDB-3907",
169,"1012","SRDB","SRDB-3907",
169,"1013","SRDB","SRDB-3907",
169,"1014","SRDB","SRDB-3907",
169,"1015","SRDB","SRDB-3907",
170,"1021","SRDB","SRDB-3916",
171,"1429","SRDB","SRDB-3927",
172,"1655","SRDB","SRDB-395",
172,"1656","SRDB","SRDB-395",
173,"1026","SRDB","SRDB-3976",
173,"1027","SRDB","SRDB-3976",
173,"1028","SRDB","SRDB-3976",
174,"841","SRDB","SRDB-3978",
174,"842","SRDB","SRDB-3978",
174,"843","SRDB","SRDB-3978",
174,"844","SRDB","SRDB-3978",
175,"1036","SRDB","SRDB-4003",
175,"1037","SRDB","SRDB-4003",
176,"1038","SRDB","SRDB-4013",
177,"1039","SRDB","SRDB-4016",
177,"1040","SRDB","SRDB-4016",
178,"232","SRDB","SRDB-402",
178,"233","SRDB","SRDB-402",
178,"235","SRDB","SRDB-402",
178,"236","SRDB","SRDB-402",
178,"237","SRDB","SRDB-402",
178,"239","SRDB","SRDB-402",
179,"2241","SRDB","SRDB-4035",
179,"2242","SRDB","SRDB-4035",
179,"2243","SRDB","SRDB-4035",
179,"2247","SRDB","SRDB-4035",
179,"2248","SRDB","SRDB-4035",
179,"2249","SRDB","SRDB-4035",
179,"2253","SRDB","SRDB-4035",
179,"2254","SRDB","SRDB-4035",
179,"2255","SRDB","SRDB-4035",
180,"2239","SRDB","SRDB-4039",
181,"2986","SRDB","SRDB-4040",
182,"3087","SRDB","SRDB-4045",
182,"3088","SRDB","SRDB-4045",
182,"3089","SRDB","SRDB-4045",
183,"821","SRDB","SRDB-408",
184,"2213","SRDB","SRDB-4122",
185,"3337","SRDB","SRDB-4128",
185,"3338","SRDB","SRDB-4128",
186,"3047","SRDB","SRDB-4131",
186,"3048","SRDB","SRDB-4131",
187,"3092","SRDB","SRDB-4132",
187,"3093","SRDB","SRDB-4132",
188,"3367","SRDB","SRDB-4136",
188,"3368","SRDB","SRDB-4136",
189,"3814","SRDB","SRDB-4151",
190,"2204","SRDB","SRDB-4155",
190,"2205","SRDB","SRDB-4155",
190,"2206","SRDB","SRDB-4155",
190,"2207","SRDB","SRDB-4155",
190,"2208","SRDB","SRDB-4155",
190,"2209","SRDB","SRDB-4155",
190,"2210","SRDB","SRDB-4155",
190,"2211","SRDB","SRDB-4155",
190,"2212","SRDB","SRDB-4155",
191,"577","SRDB","SRDB-4159",
191,"578","SRDB","SRDB-4159",
191,"579","SRDB","SRDB-4159",
192,"2200","SRDB","SRDB-4166",
192,"2201","SRDB","SRDB-4166",
192,"2202","SRDB","SRDB-4166",
192,"2203","SRDB","SRDB-4166",
193,"2197","SRDB","SRDB-4170",
193,"2198","SRDB","SRDB-4170",
193,"2199","SRDB","SRDB-4170",
194,"2796","SRDB","SRDB-4172",
194,"2797","SRDB","SRDB-4172",
195,"295","SRDB","SRDB-4174",
195,"299","SRDB","SRDB-4174",
195,"303","SRDB","SRDB-4174",
195,"307","SRDB","SRDB-4174",
196,"104","SRDB","SRDB-4182",
197,"2395","SRDB","SRDB-421",
198,"2115","SRDB","SRDB-4212",
198,"2116","SRDB","SRDB-4212",
198,"2117","SRDB","SRDB-4212",
198,"2124","SRDB","SRDB-4212",
198,"2126","SRDB","SRDB-4212",
199,"3167","SRDB","SRDB-4215",
200,"3142","SRDB","SRDB-4217",
201,"1947","SRDB","SRDB-4237",
201,"1948","SRDB","SRDB-4237",
201,"1951","SRDB","SRDB-4237",
201,"1952","SRDB","SRDB-4237",
202,"1943","SRDB","SRDB-4244",
202,"1944","SRDB","SRDB-4244",
203,"1941","SRDB","SRDB-4246",
203,"1942","SRDB","SRDB-4246",
204,"3194","SRDB","SRDB-4286",
204,"3195","SRDB","SRDB-4286",
204,"3196","SRDB","SRDB-4286",
205,"1902","SRDB","SRDB-4303",
206,"3050","SRDB","SRDB-4352",
206,"3053","SRDB","SRDB-4352",
207,"3257","SRDB","SRDB-4375",
208,"1877","SRDB","SRDB-4383",
208,"1878","SRDB","SRDB-4383",
208,"1879","SRDB","SRDB-4383",
209,"3168","SRDB","SRDB-4392",
209,"3174","SRDB","SRDB-4392",
209,"3180","SRDB","SRDB-4392",
209,"3186","SRDB","SRDB-4392",
210,"3267","SRDB","SRDB-4410",
211,"1393","SRDB","SRDB-4414",
211,"1394","SRDB","SRDB-4414",
211,"1395","SRDB","SRDB-4414",
211,"1396","SRDB","SRDB-4414",
211,"1397","SRDB","SRDB-4414",
211,"1398","SRDB","SRDB-4414",
211,"1399","SRDB","SRDB-4414",
211,"1400","SRDB","SRDB-4414",
211,"1401","SRDB","SRDB-4414",
211,"1402","SRDB","SRDB-4414",
211,"1403","SRDB","SRDB-4414",
212,"1854","SRDB","SRDB-4426",
212,"1855","SRDB","SRDB-4426",
212,"1856","SRDB","SRDB-4426",
212,"1857","SRDB","SRDB-4426",
212,"1858","SRDB","SRDB-4426",
212,"1859","SRDB","SRDB-4426",
212,"1860","SRDB","SRDB-4426",
212,"1861","SRDB","SRDB-4426",
212,"1862","SRDB","SRDB-4426",
212,"1863","SRDB","SRDB-4426",
212,"1864","SRDB","SRDB-4426",
212,"1865","SRDB","SRDB-4426",
212,"1866","SRDB","SRDB-4426",
212,"1867","SRDB","SRDB-4426",
212,"1868","SRDB","SRDB-4426",
212,"1869","SRDB","SRDB-4426",
212,"1870","SRDB","SRDB-4426",
212,"1871","SRDB","SRDB-4426",
213,"1836","SRDB","SRDB-4459",
214,"1404","SRDB","SRDB-4465",
214,"1405","SRDB","SRDB-4465",
215,"1407","SRDB","SRDB-4472",
215,"1408","SRDB","SRDB-4472",
216,"145","SRDB","SRDB-451",
217,"1500","SRDB","SRDB-4530",
218,"1534","SRDB","SRDB-4562",
218,"1535","SRDB","SRDB-4562",
218,"1536","SRDB","SRDB-4562",
218,"1537","SRDB","SRDB-4562",
218,"1538","SRDB","SRDB-4562",
218,"1539","SRDB","SRDB-4562",
218,"1540","SRDB","SRDB-4562",
219,"537","SRDB","SRDB-1118",
219,"538","SRDB","SRDB-1118",
219,"539","SRDB","SRDB-1118",
219,"540","SRDB","SRDB-1118",
219,"541","SRDB","SRDB-1118",
219,"542","SRDB","SRDB-1118",
219,"543","SRDB","SRDB-1118",
219,"544","SRDB","SRDB-1118",
219,"545","SRDB","SRDB-1118",
219,"546","SRDB","SRDB-1118",
219,"547","SRDB","SRDB-1118",
219,"548","SRDB","SRDB-1118",
219,"549","SRDB","SRDB-1118",
219,"550","SRDB","SRDB-1118",
219,"551","SRDB","SRDB-1118",
219,"552","SRDB","SRDB-1118",
220,"1541","SRDB","SRDB-4564",
220,"1542","SRDB","SRDB-4564",
220,"1543","SRDB","SRDB-4564",
221,"1559","SRDB","SRDB-4584",
221,"1560","SRDB","SRDB-4584",
222,"1418","SRDB","SRDB-4587",
222,"1419","SRDB","SRDB-4587",
223,"1575","SRDB","SRDB-4605",
224,"1577","SRDB","SRDB-4609",
225,"1578","SRDB","SRDB-4614",
226,"1579","SRDB","SRDB-4616",
226,"1580","SRDB","SRDB-4616",
227,"1426","SRDB","SRDB-4630",
227,"1427","SRDB","SRDB-4630",
227,"1428","SRDB","SRDB-4630",
228,"1581","SRDB","SRDB-4634",
228,"1582","SRDB","SRDB-4634",
228,"1583","SRDB","SRDB-4634",
229,"3813","SRDB","SRDB-4689",
230,"3805","SRDB","SRDB-4730",
231,"3802","SRDB","SRDB-4750",
231,"3803","SRDB","SRDB-4750",
231,"3804","SRDB","SRDB-4750",
232,"3794","SRDB","SRDB-4756",
232,"3795","SRDB","SRDB-4756",
232,"3796","SRDB","SRDB-4756",
233,"3788","SRDB","SRDB-4768",
233,"3789","SRDB","SRDB-4768",
233,"3790","SRDB","SRDB-4768",
233,"3791","SRDB","SRDB-4768",
233,"3792","SRDB","SRDB-4768",
233,"3793","SRDB","SRDB-4768",
234,"3786","SRDB","SRDB-4773",
235,"3784","SRDB","SRDB-4775",
235,"3785","SRDB","SRDB-4775",
236,"3757","SRDB","SRDB-4825",
237,"3734","SRDB","SRDB-4853",
237,"3735","SRDB","SRDB-4853",
237,"3736","SRDB","SRDB-4853",
238,"3725","SRDB","SRDB-4873",
238,"3726","SRDB","SRDB-4873",
239,"3258","SRDB","SRDB-488",
239,"3259","SRDB","SRDB-488",
240,"3722","SRDB","SRDB-4883",
240,"3723","SRDB","SRDB-4883",
240,"3724","SRDB","SRDB-4883",
241,"3720","SRDB","SRDB-4905",
242,"3714","SRDB","SRDB-4908",
242,"3715","SRDB","SRDB-4908",
242,"3716","SRDB","SRDB-4908",
242,"3717","SRDB","SRDB-4908",
243,"3712","SRDB","SRDB-4910",
243,"3713","SRDB","SRDB-4910",
244,"3581","SRDB","SRDB-4915",
244,"3582","SRDB","SRDB-4915",
245,"3703","SRDB","SRDB-4927",
245,"3704","SRDB","SRDB-4927",
246,"3691","SRDB","SRDB-4934",
246,"3692","SRDB","SRDB-4934",
246,"3695","SRDB","SRDB-4934",
246,"3696","SRDB","SRDB-4934",
246,"3699","SRDB","SRDB-4934",
246,"3700","SRDB","SRDB-4934",
247,"3666","SRDB","SRDB-4936",
247,"3667","SRDB","SRDB-4936",
248,"3660","SRDB","SRDB-4938",
249,"3653","SRDB","SRDB-4955",
250,"3619","SRDB","SRDB-5042",
251,"3611","SRDB","SRDB-5063",
251,"3612","SRDB","SRDB-5063",
252,"3598","SRDB","SRDB-5077",
252,"3599","SRDB","SRDB-5077",
252,"3600","SRDB","SRDB-5077",
252,"3601","SRDB","SRDB-5077",
252,"3602","SRDB","SRDB-5077",
252,"3603","SRDB","SRDB-5077",
252,"3604","SRDB","SRDB-5077",
252,"3605","SRDB","SRDB-5077",
252,"3606","SRDB","SRDB-5077",
253,"2432","SRDB","SRDB-510",
254,"3567","SRDB","SRDB-5109",
254,"3568","SRDB","SRDB-5109",
254,"3569","SRDB","SRDB-5109",
254,"3570","SRDB","SRDB-5109",
254,"3571","SRDB","SRDB-5109",
254,"3572","SRDB","SRDB-5109",
254,"3573","SRDB","SRDB-5109",
254,"3574","SRDB","SRDB-5109",
254,"3575","SRDB","SRDB-5109",
254,"3576","SRDB","SRDB-5109",
255,"3543","SRDB","SRDB-5113",
255,"3551","SRDB","SRDB-5113",
255,"3559","SRDB","SRDB-5113",
256,"3539","SRDB","SRDB-5114",
256,"3540","SRDB","SRDB-5114",
257,"3489","SRDB","SRDB-5123",
257,"3490","SRDB","SRDB-5123",
258,"3483","SRDB","SRDB-5125",
258,"3486","SRDB","SRDB-5125",
259,"3465","SRDB","SRDB-5138",
260,"3459","SRDB","SRDB-5162",
260,"3460","SRDB","SRDB-5162",
260,"3461","SRDB","SRDB-5162",
260,"3462","SRDB","SRDB-5162",
260,"3463","SRDB","SRDB-5162",
261,"3446","SRDB","SRDB-5165",
261,"3447","SRDB","SRDB-5165",
261,"3448","SRDB","SRDB-5165",
261,"3449","SRDB","SRDB-5165",
261,"3450","SRDB","SRDB-5165",
261,"3451","SRDB","SRDB-5165",
261,"3452","SRDB","SRDB-5165",
261,"3453","SRDB","SRDB-5165",
261,"3454","SRDB","SRDB-5165",
261,"3455","SRDB","SRDB-5165",
261,"3456","SRDB","SRDB-5165",
261,"3457","SRDB","SRDB-5165",
261,"3458","SRDB","SRDB-5165",
262,"3438","SRDB","SRDB-5178",
263,"3434","SRDB","SRDB-5184",
263,"3435","SRDB","SRDB-5184",
263,"3436","SRDB","SRDB-5184",
264,"3431","SRDB","SRDB-5216",
264,"3432","SRDB","SRDB-5216",
264,"3433","SRDB","SRDB-5216",
265,"3430","SRDB","SRDB-5227",
266,"3397","SRDB","SRDB-5247",
266,"3398","SRDB","SRDB-5247",
266,"3399","SRDB","SRDB-5247",
267,"3407","SRDB","SRDB-5259",
267,"3408","SRDB","SRDB-5259",
267,"3409","SRDB","SRDB-5259",
267,"3410","SRDB","SRDB-5259",
267,"3411","SRDB","SRDB-5259",
267,"3412","SRDB","SRDB-5259",
268,"3401","SRDB","SRDB-5272",
268,"3402","SRDB","SRDB-5272",
268,"3403","SRDB","SRDB-5272",
269,"3400","SRDB","SRDB-5273",
270,"3385","SRDB","SRDB-5278",
270,"3386","SRDB","SRDB-5278",
270,"3387","SRDB","SRDB-5278",
270,"3388","SRDB","SRDB-5278",
270,"3389","SRDB","SRDB-5278",
270,"3390","SRDB","SRDB-5278",
270,"3391","SRDB","SRDB-5278",
270,"3392","SRDB","SRDB-5278",
270,"3393","SRDB","SRDB-5278",
270,"3394","SRDB","SRDB-5278",
270,"3395","SRDB","SRDB-5278",
270,"3396","SRDB","SRDB-5278",
271,,"Jiang2010","Jiang2010","https://doi.org/10.1016/j.atmosenv.2010.03.030"
272,"3847","SRDB","SRDB-5290",
272,"3848","SRDB","SRDB-5290",
272,"3849","SRDB","SRDB-5290",
272,"3850","SRDB","SRDB-5290",
273,"4183","SRDB","SRDB-5294",
273,"4184","SRDB","SRDB-5294",
274,"4159","SRDB","SRDB-5303",
275,"3823","SRDB","SRDB-5305",
276,"4187","SRDB","SRDB-5307",
276,"4188","SRDB","SRDB-5307",
276,"4189","SRDB","SRDB-5307",
276,"4190","SRDB","SRDB-5307",
276,"4191","SRDB","SRDB-5307",
276,"4192","SRDB","SRDB-5307",
276,"4193","SRDB","SRDB-5307",
276,"4194","SRDB","SRDB-5307",
276,"4195","SRDB","SRDB-5307",
276,"4196","SRDB","SRDB-5307",
277,"4234","SRDB","SRDB-5317",
277,"4235","SRDB","SRDB-5317",
277,"4236","SRDB","SRDB-5317",
277,"4237","SRDB","SRDB-5317",
277,"4238","SRDB","SRDB-5317",
277,"4239","SRDB","SRDB-5317",
277,"4240","SRDB","SRDB-5317",
277,"4241","SRDB","SRDB-5317",
277,"4242","SRDB","SRDB-5317",
277,"4243","SRDB","SRDB-5317",
278,"3856","SRDB","SRDB-5325",
278,"3860","SRDB","SRDB-5325",
279,"3864","SRDB","SRDB-5326",
279,"3865","SRDB","SRDB-5326",
279,"3866","SRDB","SRDB-5326",
279,"3867","SRDB","SRDB-5326",
280,"3868","SRDB","SRDB-5327",
280,"3869","SRDB","SRDB-5327",
280,"3870","SRDB","SRDB-5327",
280,"3871","SRDB","SRDB-5327",
280,"3874","SRDB","SRDB-5327",
280,"3875","SRDB","SRDB-5327",
280,"3876","SRDB","SRDB-5327",
280,"3877","SRDB","SRDB-5327",
280,"3880","SRDB","SRDB-5327",
280,"3881","SRDB","SRDB-5327",
280,"3882","SRDB","SRDB-5327",
280,"3883","SRDB","SRDB-5327",
281,,"Makita2021","Makita2021","https://doi.org/10.3390/f12101410"
282,"4197","SRDB","SRDB-5345",
283,"4229","SRDB","SRDB-5385",
283,"4230","SRDB","SRDB-5385",
283,"4231","SRDB","SRDB-5385",
284,"3896","SRDB","SRDB-5403",
285,"3938","SRDB","SRDB-5427",
285,"3939","SRDB","SRDB-5427",
285,"3940","SRDB","SRDB-5427",
286,"4125","SRDB","SRDB-5436",
286,"4126","SRDB","SRDB-5436",
286,"4127","SRDB","SRDB-5436",
286,"4128","SRDB","SRDB-5436",
286,"4129","SRDB","SRDB-5436",
286,"4130","SRDB","SRDB-5436",
287,"3958","SRDB","SRDB-5441",
287,"3959","SRDB","SRDB-5441",
288,"3960","SRDB","SRDB-5443",
288,"3962","SRDB","SRDB-5443",
289,"4109","SRDB","SRDB-5458",
289,"4110","SRDB","SRDB-5458",
289,"4111","SRDB","SRDB-5458",
290,"4160","SRDB","SRDB-5467",
290,"4161","SRDB","SRDB-5467",
290,"4162","SRDB","SRDB-5467",
290,"4163","SRDB","SRDB-5467",
291,"4112","SRDB","SRDB-5470",
291,"4113","SRDB","SRDB-5470",
291,"4114","SRDB","SRDB-5470",
291,"4115","SRDB","SRDB-5470",
291,"4116","SRDB","SRDB-5470",
291,"4117","SRDB","SRDB-5470",
291,"4118","SRDB","SRDB-5470",
291,"4119","SRDB","SRDB-5470",
291,"4120","SRDB","SRDB-5470",
292,"4630","SRDB","SRDB-5512",
292,"4631","SRDB","SRDB-5512",
293,"4107","SRDB","SRDB-5520",
293,"4108","SRDB","SRDB-5520",
294,"4104","SRDB","SRDB-5521",
294,"4105","SRDB","SRDB-5521",
294,"4106","SRDB","SRDB-5521",
295,"4102","SRDB","SRDB-5522",
295,"4103","SRDB","SRDB-5522",
296,"4098","SRDB","SRDB-5524",
296,"4099","SRDB","SRDB-5524",
296,"4100","SRDB","SRDB-5524",
296,"4101","SRDB","SRDB-5524",
297,"3236","SRDB","SRDB-1120",
297,"3237","SRDB","SRDB-1120",
298,"4096","SRDB","SRDB-5526",
298,"4097","SRDB","SRDB-5526",
299,"4094","SRDB","SRDB-5538",
299,"4095","SRDB","SRDB-5538",
300,"3845","SRDB","SRDB-5587",
301,"4368","SRDB","SRDB-5591",
301,"4369","SRDB","SRDB-5591",
301,"4370","SRDB","SRDB-5591",
301,"4371","SRDB","SRDB-5591",
301,"4372","SRDB","SRDB-5591",
302,"4026","SRDB","SRDB-5594",
302,"4027","SRDB","SRDB-5594",
302,"4028","SRDB","SRDB-5594",
303,"2529","SRDB","SRDB-560",
304,"4044","SRDB","SRDB-5640",
305,,"Risk2008","Risk2008","https://doi.org/10.1088/1748-9326/3/4/044004"
306,"4263","SRDB","SRDB-5657",
306,"4264","SRDB","SRDB-5657",
306,"4265","SRDB","SRDB-5657",
307,"4274","SRDB","SRDB-5658",
307,"4275","SRDB","SRDB-5658",
307,"4276","SRDB","SRDB-5658",
307,"4277","SRDB","SRDB-5658",
308,"4281","SRDB","SRDB-5670",
309,"4373","SRDB","SRDB-5679",
310,"4282","SRDB","SRDB-5697",
311,"4365","SRDB","SRDB-5701",
311,"4366","SRDB","SRDB-5701",
311,"4367","SRDB","SRDB-5701",
312,"4361","SRDB","SRDB-5702",
313,"4302","SRDB","SRDB-5729",
313,"4303","SRDB","SRDB-5729",
313,"4304","SRDB","SRDB-5729",
313,"4305","SRDB","SRDB-5729",
313,"4306","SRDB","SRDB-5729",
313,"4307","SRDB","SRDB-5729",
314,"4384","SRDB","SRDB-5732",
315,"4308","SRDB","SRDB-5741",
315,"4309","SRDB","SRDB-5741",
315,"4310","SRDB","SRDB-5741",
316,"4318","SRDB","SRDB-5766",
316,"4319","SRDB","SRDB-5766",
316,"4320","SRDB","SRDB-5766",
316,"4321","SRDB","SRDB-5766",
317,"4322","SRDB","SRDB-5770",
317,"4324","SRDB","SRDB-5770",
318,"139","SRDB","SRDB-115",
319,"4332","SRDB","SRDB-5824",
319,"4333","SRDB","SRDB-5824",
320,"4334","SRDB","SRDB-5828",
321,"4629","SRDB","SRDB-5856",
322,"4473","SRDB","SRDB-5866",
323,"4442","SRDB","SRDB-5892",
324,"2396","SRDB","SRDB-59",
324,"2397","SRDB","SRDB-59",
324,"2398","SRDB","SRDB-59",
324,"2399","SRDB","SRDB-59",
324,"2400","SRDB","SRDB-59",
324,"2401","SRDB","SRDB-59",
325,"4475","SRDB","SRDB-5927",
325,"4476","SRDB","SRDB-5927",
326,"4430","SRDB","SRDB-5929",
327,"4660","SRDB","SRDB-5935",
327,"4661","SRDB","SRDB-5935",
327,"4662","SRDB","SRDB-5935",
327,"4663","SRDB","SRDB-5935",
327,"4664","SRDB","SRDB-5935",
327,"4665","SRDB","SRDB-5935",
328,"6914","SRDB","SRDB-11752",
328,"6915","SRDB","SRDB-11752",
328,"6916","SRDB","SRDB-11752",
328,"6917","SRDB","SRDB-11752",
328,"6918","SRDB","SRDB-11752",
329,"1676","SRDB","SRDB-594",
330,"4536","SRDB","SRDB-5969",
330,"4537","SRDB","SRDB-5969",
330,"4538","SRDB","SRDB-5969",
331,"4445","SRDB","SRDB-5979",
332,"4489","SRDB","SRDB-5980",
332,"4490","SRDB","SRDB-5980",
333,"4689","SRDB","SRDB-6064",
333,"4690","SRDB","SRDB-6064",
333,"4691","SRDB","SRDB-6064",
334,"4417","SRDB","SRDB-6070",
335,"4464","SRDB","SRDB-6082",
336,"4463","SRDB","SRDB-6088",
337,"6929","SRDB","SRDB-11764",
337,"6930","SRDB","SRDB-11764",
337,"6931","SRDB","SRDB-11764",
337,"6932","SRDB","SRDB-11764",
337,"6933","SRDB","SRDB-11764",
337,"6934","SRDB","SRDB-11764",
337,"6936","SRDB","SRDB-11764",
338,"4455","SRDB","SRDB-6090",
338,"4456","SRDB","SRDB-6090",
338,"4457","SRDB","SRDB-6090",
338,"4458","SRDB","SRDB-6090",
339,"4562","SRDB","SRDB-6109",
340,"5244","SRDB","SRDB-6139",
340,"5245","SRDB","SRDB-6139",
340,"5246","SRDB","SRDB-6139",
340,"5247","SRDB","SRDB-6139",
340,"5248","SRDB","SRDB-6139",
340,"5249","SRDB","SRDB-6139",
340,"5250","SRDB","SRDB-6139",
340,"5251","SRDB","SRDB-6139",
340,"5252","SRDB","SRDB-6139",
340,"5253","SRDB","SRDB-6139",
341,"4414","SRDB","SRDB-6140",
342,"4697","SRDB","SRDB-6149",
342,"4698","SRDB","SRDB-6149",
342,"4699","SRDB","SRDB-6149",
343,"4405","SRDB","SRDB-6152",
343,"4406","SRDB","SRDB-6152",
344,"4705","SRDB","SRDB-6159",
344,"4706","SRDB","SRDB-6159",
344,"4707","SRDB","SRDB-6159",
345,"4728","SRDB","SRDB-6219",
346,"3319","SRDB","SRDB-623",
347,"4739","SRDB","SRDB-6243",
347,"4740","SRDB","SRDB-6243",
348,"4781","SRDB","SRDB-6257",
349,"4797","SRDB","SRDB-6272",
349,"4798","SRDB","SRDB-6272",
349,"4799","SRDB","SRDB-6272",
350,"6785","SRDB","SRDB-10031",
350,"6786","SRDB","SRDB-10031",
350,"6787","SRDB","SRDB-10031",
350,"6788","SRDB","SRDB-10031",
350,"6789","SRDB","SRDB-10031",
351,"4822","SRDB","SRDB-6288",
351,"4823","SRDB","SRDB-6288",
352,"6941","SRDB","SRDB-11766",
352,"6942","SRDB","SRDB-11766",
352,"6943","SRDB","SRDB-11766",
353,"4824","SRDB","SRDB-6289",
354,"4837","SRDB","SRDB-6292",
354,"4840","SRDB","SRDB-6292",
355,"4843","SRDB","SRDB-6293",
355,"4844","SRDB","SRDB-6293",
355,"4845","SRDB","SRDB-6293",
356,"4864","SRDB","SRDB-6326",
356,"4865","SRDB","SRDB-6326",
356,"4866","SRDB","SRDB-6326",
357,"4873","SRDB","SRDB-6333",
358,"4874","SRDB","SRDB-6334",
358,"4875","SRDB","SRDB-6334",
358,"4876","SRDB","SRDB-6334",
358,"4877","SRDB","SRDB-6334",
359,"4895","SRDB","SRDB-6351",
360,"6945","SRDB","SRDB-11769",
360,"6946","SRDB","SRDB-11769",
360,"6947","SRDB","SRDB-11769",
361,"4896","SRDB","SRDB-6355",
362,"4897","SRDB","SRDB-6365",
363,"4899","SRDB","SRDB-6372",
363,"4900","SRDB","SRDB-6372",
363,"4901","SRDB","SRDB-6372",
364,"4904","SRDB","SRDB-6374",
364,"4905","SRDB","SRDB-6374",
364,"4906","SRDB","SRDB-6374",
365,"4908","SRDB","SRDB-6381",
365,"4909","SRDB","SRDB-6381",
365,"4910","SRDB","SRDB-6381",
366,"6948","SRDB","SRDB-11770",
367,"4911","SRDB","SRDB-6391",
367,"4912","SRDB","SRDB-6391",
368,"4913","SRDB","SRDB-6396",
368,"4914","SRDB","SRDB-6396",
368,"4915","SRDB","SRDB-6396",
368,"4916","SRDB","SRDB-6396",
368,"4917","SRDB","SRDB-6396",
368,"4918","SRDB","SRDB-6396",
369,"6954","SRDB","SRDB-11772",
369,"6955","SRDB","SRDB-11772",
370,"4926","SRDB","SRDB-6410",
370,"4929","SRDB","SRDB-6410",
370,"4932","SRDB","SRDB-6410",
371,"6967","SRDB","SRDB-11780",
371,"6968","SRDB","SRDB-11780",
372,"4943","SRDB","SRDB-6432",
372,"4944","SRDB","SRDB-6432",
372,"4945","SRDB","SRDB-6432",
372,"4946","SRDB","SRDB-6432",
372,"4947","SRDB","SRDB-6432",
372,"4948","SRDB","SRDB-6432",
372,"4949","SRDB","SRDB-6432",
373,"6969","SRDB","SRDB-11781",
373,"6970","SRDB","SRDB-11781",
373,"6971","SRDB","SRDB-11781",
373,"6972","SRDB","SRDB-11781",
374,"4950","SRDB","SRDB-6433",
374,"4952","SRDB","SRDB-6433",
375,"4981","SRDB","SRDB-6446",
376,"4982","SRDB","SRDB-6451",
376,"4983","SRDB","SRDB-6451",
376,"4984","SRDB","SRDB-6451",
376,"4985","SRDB","SRDB-6451",
376,"4986","SRDB","SRDB-6451",
376,"4987","SRDB","SRDB-6451",
376,"4988","SRDB","SRDB-6451",
376,"4989","SRDB","SRDB-6451",
376,"4990","SRDB","SRDB-6451",
376,"4991","SRDB","SRDB-6451",
376,"4992","SRDB","SRDB-6451",
376,"4993","SRDB","SRDB-6451",
376,"4994","SRDB","SRDB-6451",
376,"4995","SRDB","SRDB-6451",
376,"4996","SRDB","SRDB-6451",
377,"6973","SRDB","SRDB-11784",
377,"6974","SRDB","SRDB-11784",
377,"6975","SRDB","SRDB-11784",
378,"4999","SRDB","SRDB-6458",
378,"5000","SRDB","SRDB-6458",
378,"5001","SRDB","SRDB-6458",
379,"5002","SRDB","SRDB-6462",
379,"5005","SRDB","SRDB-6462",
380,"5028","SRDB","SRDB-6492",
381,"5032","SRDB","SRDB-6493",
381,"5033","SRDB","SRDB-6493",
381,"5034","SRDB","SRDB-6493",
381,"5035","SRDB","SRDB-6493",
381,"5036","SRDB","SRDB-6493",
381,"5037","SRDB","SRDB-6493",
381,"5038","SRDB","SRDB-6493",
381,"5039","SRDB","SRDB-6493",
381,"5040","SRDB","SRDB-6493",
381,"5041","SRDB","SRDB-6493",
381,"5042","SRDB","SRDB-6493",
381,"5043","SRDB","SRDB-6493",
381,"5044","SRDB","SRDB-6493",
381,"5045","SRDB","SRDB-6493",
381,"5046","SRDB","SRDB-6493",
382,"7000","SRDB","SRDB-11802",
382,"7001","SRDB","SRDB-11802",
382,"7002","SRDB","SRDB-11802",
383,"5049","SRDB","SRDB-6497",
384,"5057","SRDB","SRDB-6505",
384,"5065","SRDB","SRDB-6505",
384,"5066","SRDB","SRDB-6505",
384,"5067","SRDB","SRDB-6505",
384,"5068","SRDB","SRDB-6505",
384,"5069","SRDB","SRDB-6505",
384,"5070","SRDB","SRDB-6505",
384,"5071","SRDB","SRDB-6505",
384,"5072","SRDB","SRDB-6505",
385,"7004","SRDB","SRDB-11803",
385,"7005","SRDB","SRDB-11803",
385,"7006","SRDB","SRDB-11803",
385,"7007","SRDB","SRDB-11803",
385,"7008","SRDB","SRDB-11803",
385,"7009","SRDB","SRDB-11803",
385,"7010","SRDB","SRDB-11803",
385,"7011","SRDB","SRDB-11803",
385,"7012","SRDB","SRDB-11803",
385,"7013","SRDB","SRDB-11803",
385,"7014","SRDB","SRDB-11803",
386,"5073","SRDB","SRDB-6511",
386,"5074","SRDB","SRDB-6511",
387,"5567","SRDB","SRDB-6548",
388,"5568","SRDB","SRDB-6561",
388,"5569","SRDB","SRDB-6561",
389,"5109","SRDB","SRDB-6566",
389,"5110","SRDB","SRDB-6566",
389,"5111","SRDB","SRDB-6566",
390,"5142","SRDB","SRDB-6589",
390,"5143","SRDB","SRDB-6589",
390,"5144","SRDB","SRDB-6589",
390,"5145","SRDB","SRDB-6589",
391,"5154","SRDB","SRDB-6598",
391,"5155","SRDB","SRDB-6598",
392,"797","SRDB","SRDB-66",
392,"798","SRDB","SRDB-66",
392,"799","SRDB","SRDB-66",
393,"5174","SRDB","SRDB-6617",
393,"5175","SRDB","SRDB-6617",
393,"5176","SRDB","SRDB-6617",
393,"5177","SRDB","SRDB-6617",
394,"5183","SRDB","SRDB-6618",
395,"5209","SRDB","SRDB-6709",
395,"5210","SRDB","SRDB-6709",
396,"5570","SRDB","SRDB-6747",
396,"5571","SRDB","SRDB-6747",
396,"5572","SRDB","SRDB-6747",
396,"5573","SRDB","SRDB-6747",
396,"5574","SRDB","SRDB-6747",
396,"5575","SRDB","SRDB-6747",
397,"5234","SRDB","SRDB-6762",
397,"5235","SRDB","SRDB-6762",
398,"5237","SRDB","SRDB-6768",
399,"5239","SRDB","SRDB-6769",
400,"112","SRDB","SRDB-68",
401,"1660","SRDB","SRDB-680",
401,"1661","SRDB","SRDB-680",
402,"7015","SRDB","SRDB-11805",
402,"7016","SRDB","SRDB-11805",
402,"7017","SRDB","SRDB-11805",
402,"7018","SRDB","SRDB-11805",
402,"7019","SRDB","SRDB-11805",
402,"7020","SRDB","SRDB-11805",
402,"7021","SRDB","SRDB-11805",
402,"7022","SRDB","SRDB-11805",
402,"7023","SRDB","SRDB-11805",
403,"5584","SRDB","SRDB-6848",
404,"690","SRDB","SRDB-693",
405,"5415","SRDB","SRDB-6961",
405,"5416","SRDB","SRDB-6961",
405,"5417","SRDB","SRDB-6961",
406,"5418","SRDB","SRDB-6964",
407,"5419","SRDB","SRDB-6984",
407,"5420","SRDB","SRDB-6984",
407,"5421","SRDB","SRDB-6984",
407,"5422","SRDB","SRDB-6984",
407,"5423","SRDB","SRDB-6984",
408,"5660","SRDB","SRDB-7018",
409,"5260","SRDB","SRDB-7044",
409,"5261","SRDB","SRDB-7044",
409,"5262","SRDB","SRDB-7044",
409,"5263","SRDB","SRDB-7044",
409,"5264","SRDB","SRDB-7044",
410,"5645","SRDB","SRDB-7046",
410,"5646","SRDB","SRDB-7046",
411,"5433","SRDB","SRDB-7053",
412,"5659","SRDB","SRDB-7058",
413,"5435","SRDB","SRDB-7087",
413,"5436","SRDB","SRDB-7087",
413,"5437","SRDB","SRDB-7087",
413,"5438","SRDB","SRDB-7087",
413,"5439","SRDB","SRDB-7087",
414,"5698","SRDB","SRDB-7146",
415,"5704","SRDB","SRDB-7147",
416,"5452","SRDB","SRDB-7150",
417,"5454","SRDB","SRDB-7181",
417,"5455","SRDB","SRDB-7181",
418,"5778","SRDB","SRDB-7238",
418,"5779","SRDB","SRDB-7238",
418,"5780","SRDB","SRDB-7238",
419,"5785","SRDB","SRDB-7289",
420,"7024","SRDB","SRDB-11806",
421,"5461","SRDB","SRDB-7290",
421,"5462","SRDB","SRDB-7290",
421,"5463","SRDB","SRDB-7290",
421,"5464","SRDB","SRDB-7290",
421,"5465","SRDB","SRDB-7290",
421,"5466","SRDB","SRDB-7290",
421,"5467","SRDB","SRDB-7290",
421,"5468","SRDB","SRDB-7290",
421,"5469","SRDB","SRDB-7290",
421,"5470","SRDB","SRDB-7290",
421,"5471","SRDB","SRDB-7290",
421,"5472","SRDB","SRDB-7290",
421,"5473","SRDB","SRDB-7290",
421,"5474","SRDB","SRDB-7290",
421,"5475","SRDB","SRDB-7290",
421,"5476","SRDB","SRDB-7290",
421,"5477","SRDB","SRDB-7290",
421,"5478","SRDB","SRDB-7290",
422,"7071","SRDB","SRDB-11821",
422,"7072","SRDB","SRDB-11821",
423,"7089","SRDB","SRDB-11827",
424,"7122","SRDB","SRDB-11855",
424,"7124","SRDB","SRDB-11855",
425,"6170","SRDB","SRDB-7296",
425,"6171","SRDB","SRDB-7296",
425,"6172","SRDB","SRDB-7296",
426,"6116","SRDB","SRDB-7300",
427,"6119","SRDB","SRDB-7328",
427,"6120","SRDB","SRDB-7328",
428,"6388","SRDB","SRDB-7421",
428,"6389","SRDB","SRDB-7421",
428,"6390","SRDB","SRDB-7421",
428,"6394","SRDB","SRDB-7421",
428,"6395","SRDB","SRDB-7421",
428,"6396","SRDB","SRDB-7421",
428,"6400","SRDB","SRDB-7421",
428,"6401","SRDB","SRDB-7421",
428,"6402","SRDB","SRDB-7421",
429,"7144","SRDB","SRDB-11874",
429,"7145","SRDB","SRDB-11874",
429,"7148","SRDB","SRDB-11874",
429,"7149","SRDB","SRDB-11874",
430,"5277","SRDB","SRDB-7517",
431,"6365","SRDB","SRDB-7527",
432,"5799","SRDB","SRDB-7567",
433,"6460","SRDB","SRDB-7573",
433,"6461","SRDB","SRDB-7573",
433,"6462","SRDB","SRDB-7573",
434,"5800","SRDB","SRDB-7574",
434,"5802","SRDB","SRDB-7574",
434,"5804","SRDB","SRDB-7574",
435,"5812","SRDB","SRDB-7582",
436,"5286","SRDB","SRDB-7587",
436,"5287","SRDB","SRDB-7587",
436,"5288","SRDB","SRDB-7587",
436,"5289","SRDB","SRDB-7587",
436,"5290","SRDB","SRDB-7587",
436,"5291","SRDB","SRDB-7587",
436,"5292","SRDB","SRDB-7587",
436,"5293","SRDB","SRDB-7587",
436,"5294","SRDB","SRDB-7587",
436,"5295","SRDB","SRDB-7587",
436,"5296","SRDB","SRDB-7587",
436,"5297","SRDB","SRDB-7587",
436,"5298","SRDB","SRDB-7587",
436,"5299","SRDB","SRDB-7587",
436,"5300","SRDB","SRDB-7587",
436,"5301","SRDB","SRDB-7587",
436,"5302","SRDB","SRDB-7587",
436,"5303","SRDB","SRDB-7587",
436,"5304","SRDB","SRDB-7587",
436,"5305","SRDB","SRDB-7587",
436,"5306","SRDB","SRDB-7587",
436,"5307","SRDB","SRDB-7587",
436,"5308","SRDB","SRDB-7587",
436,"5309","SRDB","SRDB-7587",
437,"7186","SRDB","SRDB-11903",
438,"897","SRDB","SRDB-1191",
439,"7199","SRDB","SRDB-11914",
439,"7200","SRDB","SRDB-11914",
439,"7203","SRDB","SRDB-11914",
439,"7204","SRDB","SRDB-11914",
439,"7207","SRDB","SRDB-11914",
439,"7208","SRDB","SRDB-11914",
440,"7211","SRDB","SRDB-11915",
441,"7217","SRDB","SRDB-11918",
442,"7238","SRDB","SRDB-11933",
443,"5817","SRDB","SRDB-7588",
443,"5818","SRDB","SRDB-7588",
443,"5819","SRDB","SRDB-7588",
443,"5820","SRDB","SRDB-7588",
443,"5821","SRDB","SRDB-7588",
444,"7239","SRDB","SRDB-11938",
445,"7243","SRDB","SRDB-11939",
445,"7244","SRDB","SRDB-11939",
445,"7245","SRDB","SRDB-11939",
446,"5822","SRDB","SRDB-7596",
446,"5823","SRDB","SRDB-7596",
447,"2821","SRDB","SRDB-761",
447,"2822","SRDB","SRDB-761",
447,"2823","SRDB","SRDB-761",
447,"2824","SRDB","SRDB-761",
447,"2825","SRDB","SRDB-761",
448,"5828","SRDB","SRDB-7630",
448,"5832","SRDB","SRDB-7630",
449,"6485","SRDB","SRDB-7631",
449,"6486","SRDB","SRDB-7631",
449,"6487","SRDB","SRDB-7631",
450,"714","SRDB","SRDB-1194",
451,"6507","SRDB","SRDB-7632",
451,"6508","SRDB","SRDB-7632",
451,"6509","SRDB","SRDB-7632",
452,"6512","SRDB","SRDB-7659",
452,"6513","SRDB","SRDB-7659",
452,"6514","SRDB","SRDB-7659",
452,"6515","SRDB","SRDB-7659",
453,"6517","SRDB","SRDB-7675",
454,"6521","SRDB","SRDB-7678",
454,"6522","SRDB","SRDB-7678",
455,"6543","SRDB","SRDB-7695",
456,"6501","SRDB","SRDB-7698",
456,"6502","SRDB","SRDB-7698",
457,"7246","SRDB","SRDB-11941",
457,"7247","SRDB","SRDB-11941",
457,"7248","SRDB","SRDB-11941",
458,"3313","SRDB","SRDB-77",
459,"5496","SRDB","SRDB-7702",
459,"5497","SRDB","SRDB-7702",
460,"5498","SRDB","SRDB-7703",
460,"5499","SRDB","SRDB-7703",
461,"5840","SRDB","SRDB-7704",
461,"5841","SRDB","SRDB-7704",
461,"5842","SRDB","SRDB-7704",
461,"5843","SRDB","SRDB-7704",
461,"5844","SRDB","SRDB-7704",
462,"5500","SRDB","SRDB-7714",
462,"5501","SRDB","SRDB-7714",
462,"5502","SRDB","SRDB-7714",
462,"5503","SRDB","SRDB-7714",
463,"7249","SRDB","SRDB-11944",
463,"7250","SRDB","SRDB-11944",
463,"7251","SRDB","SRDB-11944",
464,"6494","SRDB","SRDB-7721",
465,"6545","SRDB","SRDB-7727",
466,"6548","SRDB","SRDB-7788",
466,"6549","SRDB","SRDB-7788",
467,"109","SRDB","SRDB-779",
467,"110","SRDB","SRDB-779",
468,"6412","SRDB","SRDB-7868",
469,"6680","SRDB","SRDB-7904",
470,"3248","SRDB","SRDB-792",
470,"3249","SRDB","SRDB-792",
471,"6681","SRDB","SRDB-7958",
471,"6689","SRDB","SRDB-7958",
471,"6697","SRDB","SRDB-7958",
472,"7252","SRDB","SRDB-11945",
472,"7254","SRDB","SRDB-11945",
473,"5864","SRDB","SRDB-7981",
473,"5865","SRDB","SRDB-7981",
473,"5866","SRDB","SRDB-7981",
473,"5867","SRDB","SRDB-7981",
474,"6641","SRDB","SRDB-7991",
475,"7260","SRDB","SRDB-11949",
475,"7261","SRDB","SRDB-11949",
475,"7262","SRDB","SRDB-11949",
476,"6550","SRDB","SRDB-8007",
476,"6551","SRDB","SRDB-8007",
477,"6552","SRDB","SRDB-8012",
477,"6555","SRDB","SRDB-8012",
477,"6558","SRDB","SRDB-8012",
477,"6561","SRDB","SRDB-8012",
478,"6575","SRDB","SRDB-8031",
478,"6576","SRDB","SRDB-8031",
478,"6577","SRDB","SRDB-8031",
478,"6578","SRDB","SRDB-8031",
479,"6585","SRDB","SRDB-8041",
479,"6587","SRDB","SRDB-8041",
480,"6589","SRDB","SRDB-8042",
481,"7268","SRDB","SRDB-11951",
481,"7269","SRDB","SRDB-11951",
481,"7270","SRDB","SRDB-11951",
482,"6592","SRDB","SRDB-8049",
482,"6593","SRDB","SRDB-8049",
482,"6594","SRDB","SRDB-8049",
482,"6595","SRDB","SRDB-8049",
482,"6596","SRDB","SRDB-8049",
483,"172","SRDB","SRDB-805",
483,"173","SRDB","SRDB-805",
484,"6622","SRDB","SRDB-8079",
485,"5511","SRDB","SRDB-8117",
485,"5512","SRDB","SRDB-8117",
485,"5513","SRDB","SRDB-8117",
486,"5868","SRDB","SRDB-8143",
486,"5869","SRDB","SRDB-8143",
486,"5870","SRDB","SRDB-8143",
486,"5871","SRDB","SRDB-8143",
486,"5872","SRDB","SRDB-8143",
486,"5873","SRDB","SRDB-8143",
487,"7342","SRDB","SRDB-8163",
487,"7343","SRDB","SRDB-8163",
487,"7344","SRDB","SRDB-8163",
487,"7345","SRDB","SRDB-8163",
487,"7350","SRDB","SRDB-8163",
487,"7351","SRDB","SRDB-8163",
487,"7352","SRDB","SRDB-8163",
487,"7353","SRDB","SRDB-8163",
488,"1454","SRDB","SRDB-1202",
488,"1455","SRDB","SRDB-1202",
488,"1456","SRDB","SRDB-1202",
488,"1457","SRDB","SRDB-1202",
488,"1458","SRDB","SRDB-1202",
488,"1459","SRDB","SRDB-1202",
489,"5514","SRDB","SRDB-8186",
489,"5515","SRDB","SRDB-8186",
490,"6262","SRDB","SRDB-8289",
490,"6263","SRDB","SRDB-8289",
490,"6264","SRDB","SRDB-8289",
491,"5521","SRDB","SRDB-8307",
491,"5522","SRDB","SRDB-8307",
491,"5523","SRDB","SRDB-8307",
492,"5877","SRDB","SRDB-8334",
492,"5878","SRDB","SRDB-8334",
492,"5879","SRDB","SRDB-8334",
492,"5880","SRDB","SRDB-8334",
492,"5881","SRDB","SRDB-8334",
493,"5532","SRDB","SRDB-8383",
493,"5533","SRDB","SRDB-8383",
493,"5534","SRDB","SRDB-8383",
494,"6031","SRDB","SRDB-10087",
494,"6035","SRDB","SRDB-10087",
494,"6039","SRDB","SRDB-10087",
495,"7303","SRDB","SRDB-8384",
495,"7304","SRDB","SRDB-8384",
495,"7305","SRDB","SRDB-8384",
496,"5539","SRDB","SRDB-8464",
496,"5540","SRDB","SRDB-8464",
497,"5556","SRDB","SRDB-8542",
497,"5557","SRDB","SRDB-8542",
497,"5558","SRDB","SRDB-8542",
498,"5559","SRDB","SRDB-8569",
498,"5560","SRDB","SRDB-8569",
499,"5561","SRDB","SRDB-8602",
499,"5562","SRDB","SRDB-8602",
499,"5563","SRDB","SRDB-8602",
499,"5564","SRDB","SRDB-8602",
499,"5565","SRDB","SRDB-8602",
499,"5566","SRDB","SRDB-8602",
500,"3260","SRDB","SRDB-864",
501,"3153","SRDB","SRDB-874",
501,"3154","SRDB","SRDB-874",
502,"1443","SRDB","SRDB-886",
503,"5915","SRDB","SRDB-8866",
504,"5916","SRDB","SRDB-8887",
504,"5917","SRDB","SRDB-8887",
504,"5918","SRDB","SRDB-8887",
505,"3261","SRDB","SRDB-90",
506,"247","SRDB","SRDB-900",
506,"249","SRDB","SRDB-900",
507,"5924","SRDB","SRDB-9081",
507,"5925","SRDB","SRDB-9081",
508,"5932","SRDB","SRDB-9177",
509,"5936","SRDB","SRDB-9272",
510,"7306","SRDB","SRDB-9297",
511,"5957","SRDB","SRDB-9501",
512,"33","SRDB","SRDB-951",
512,"35","SRDB","SRDB-951",
512,"37","SRDB","SRDB-951",
513,"5959","SRDB","SRDB-9563",
513,"5960","SRDB","SRDB-9563",
513,"5961","SRDB","SRDB-9563",
514,"6247","SRDB","SRDB-9670",
515,"6001","SRDB","SRDB-9777",
516,"1687","SRDB","SRDB-983",
516,"1688","SRDB","SRDB-983",
517,"6003","SRDB","SRDB-9835",
518,"699","SRDB","SRDB-986",
518,"700","SRDB","SRDB-986",
518,"701","SRDB","SRDB-986",
519,"6279","SRDB","SRDB-9987",
520,"6018","SRDB","SRDB-9989",
520,"6019","SRDB","SRDB-9989",
520,"6020","SRDB","SRDB-9989",
520,"6021","SRDB","SRDB-9989",
520,"6022","SRDB","SRDB-9989",
520,"6023","SRDB","SRDB-9989",
521,,"Tomotsune2020","Tomotsune2020","https://doi.org/10.1007/s12237-019-00667-2"
522,,"Wang et al. 2018","Zhou et al., 2014","https://doi.org/10.1371/journal.pone.0081793"
523,,"Wang et al. 2018","Ali et al., 2018","https://doi.org/10.1016/j.soilbio.2017.12.007"
524,,"Hamdi2013","Andrews et al. 2000","https://doi.org/10.1016/S0038-0717(99)00206-0"
525,,"SIDb","Andrews2000SBB",
526,,"Hamdi2013","Arevalo et al. 2012","https://doi.org/10.2136/sssaj2011.0126"
527,,"SIDb","Arevalo2012",
528,,"Hamdi2013","Barrett et al. 2006","https://doi.org/10.1016/j.soilbio.2006.03.025"
529,,"Hamdi2013","Bekku et al. 2003","https://doi.org/10.1016/S0929-1393(02)00158-0"
530,,"Hamdi2013","Bradford et al. 2010","https://doi.org/10.1111/j.1365-2486.2009.02040.x"
531,,"Hamdi2013","Bradford et al. 2011",
532,,"Wang et al. 2018","Bradley-Cook et al., 2016","https://doi.org/10.1186/s40665-016-0016-1"
533,,"SIDb","BradleyCook2016",
534,,"Bridgham1991","Bridgham1991","https://doi.org/10.1016/0038-0717(92)90058-6"
535,,"Kirschbaum1995","Bunt and Rovira","https://doi.org/10.1111/j.1365-2389.1955.tb00837.x"
536,"556","SRDB","SRDB-1207",
537,,"Hamdi2013","Chapman and Thurlow 1998","https://doi.org/10.1016/S0038-0717(98)00009-1"
538,,"Chari2021","Chari2021","https://doi.org/10.1016/j.soilbio.2021.108235"
539,,"Hamdi2013","Chen et al. 2010","https://doi.org/10.1016/j.soilbio.2010.08.030"
540,,"Wang et al. 2018","Chen et al., 2016","https://doi.org/10.1007/s10661-016-5563-1"
541,"1460","SRDB","SRDB-1216",
541,"1461","SRDB","SRDB-1216",
542,,"Hamdi2013","Conant et al. 2008a","https://doi.org/10.1111/j.1365-2486.2008.01541.x"
543,,"Hamdi2013","Conant et al. 2008b","https://doi.org/10.1890/08-0137.1"
544,,"Wang et al. 2018","Conant etal., 2008","https://doi.org/10.1890/08-0137.1"
545,,"SIDb","Conant2008",
546,,"Hamdi2013","Conen et al. 2006","https://doi.org/10.5194/bg-3-515-2006"
547,,"Hamdi2013","Conen et al. 2008","https://doi.org/10.1016/j.soilbio.2008.07.004"
548,,"Wang et al. 2018","Craine et al., 2013","https://doi.org/10.1007/s10533-012-9762-8"
549,,"Hamdi2013","Cross and Grace 2010","https://doi.org/10.1016/j.geoderma.2010.04.003"
550,,"SIDb","Crow2019b",
551,,"Hamdi2013","Curiel Yuste et al. 2007","https://doi.org/10.1111/j.1365-2486.2007.01415.x"
552,,"Hamdi2013","Cussack et al. 2010","https://doi.org/10.1111/j.1365-2486.2009.02131.x"
553,,"Wang et al. 2018","Dai et al., 2012",
554,,"Hamdi2013","Dalias et al. 2001",
555,"66","SRDB","SRDB-1262",
555,"67","SRDB","SRDB-1262",
556,"724","SRDB","SRDB-1271",
557,,"Wang et al. 2018","Ding et al., 2018","https://doi.org/10.1111/ejss.12530"
558,,"Kirschbaum1995","Drobnik","https://doi.org/10.1007/BF02927237"
559,,"Song2021","Dutta2006","https://doi.org/10.1111/j.1365-2486.2006.01259.x"
560,,"Lupascu2018","Duttta2006","https://doi.org/10.1111/j.1365-2486.2006.01259.x"
561,,"Hamdi2013","Elberling and Brandt 2003","https://doi.org/10.1016/j.foreco.2011.10.009"
562,,"Hamdi2013","Elberling et al. 2006","https://doi.org/10.1016/j.soilbio.2005.12.011"
563,,"Hamdi2013","Fang and Moncrieff 2001","https://doi.org/10.1016/S0038-0717(00)00125-5"
564,,"Hamdi2013","Fang et al. 2005","https://doi.org/10.1038/nature03138"
565,,"Wang et al. 2018","Fang et al., 2014","https://doi.org/10.1016/j.agee.2014.02.018"
566,,"Hamdi2013","Fierer et al. 2003","https://doi.org/10.1046/j.1365-2486.2003.00663.x"
567,"557","SRDB","SRDB-1292",
567,"558","SRDB","SRDB-1292",
567,"559","SRDB","SRDB-1292",
567,"560","SRDB","SRDB-1292",
567,"561","SRDB","SRDB-1292",
567,"562","SRDB","SRDB-1292",
568,,"Wang et al. 2018","Fierer et al., 2003","https://doi.org/10.2136/sssaj2003.0798"
569,,"Fierer2006","Fierer2006","https://doi.org/10.1029/2005GB002644"
570,,"Hamdi2013","Fissore et al. 2009","https://doi.org/10.1111/j.1365-2486.2009.01903.x"
571,,"Kirschbaum1995","Flanagan and Veum",
572,,"Hamdi2013","Gershenson et al. 2009","https://doi.org/10.1111/j.1365-2486.2008.01827.x"
573,,"Hamdi2013","Gillabel et al. 2010","https://doi.org/10.1111/j.1365-2486.2009.02132.x"
574,,"SIDb","Gillabel2010",
575,,"Hamdi2013","Grisi et al. 1998","https://doi.org/10.1016/S0038-0717(98)00016-9"
576,,"Wang et al. 2018","Guo et al., 2017","https://doi.org/10.1016/j.soilbio.2017.05.024"
577,,"Wang et al. 2018","Gutirrez-Girn et al., 2015","https://doi.org/10.1016/j.geoderma.2014.08.005"
578,,"Hamdi2013","Haddix et al. 2011","https://doi.org/10.2136/sssaj2010.0118"
579,,"Hamdi2013","Haddix et al. 2011","https://www.doi.org/10.2136/sssaj2010.0118"
580,,"SIDb","Haddix2011",
581,,"Hamdi2013","Hamdi et al. 2010","https://doi.org/10.1016/j.soilbio.2010.05.025"
582,,"Hamdi2013","Hartley and Ineson 2008","https://doi.org/10.1016/j.soilbio.2008.01.007"
583,,"Hamdi2013","Hartley et al. 2008","https://doi.org/10.1111/j.1461-0248.2008.01223.x"
584,,"Hamdi2013","Hartly et al. 2008","https://doi.org/10.1111/j.1461-0248.2008.01223.x"
585,,"Hamdi2013","Holland et al. 2000","https://doi.org/10.1029/2000GB001264"
586,,"Hamdi2013","Hopkins et al. 2006","https://doi.org/10.1016/j.soilbio.2006.01.012"
587,,"Hamdi2013","Huntjens et al. 1981","https://doi.org/10.1007/BF02277376"
588,,"Wang et al. 2018","Inglett et al., 2012","https://doi.org/10.1007/s10533-011-9573-3"
589,,"Hamdi2013","Jenkins and Adams 2011","https://doi.org/10.1016/j.soilbio.2011.02.017"
590,,"Hamdi2013","Jonard et al. 2007","https://doi.org/10.1111/j.1365-2486.2006.01230.x"
591,,"Wang et al. 2018","Karhu et al., 2010","https://doi.org/10.1016/j.soilbio.2009.10.002"
592,,"SIDb","Karhu2010",
593,"751","SRDB","SRDB-1302",
593,"1470","SRDB","SRDB-1302",
594,,"Hamdi2013","Katterer et al. 98","https://doi.org/10.1007/s003740050430"
595,,"Wang et al. 2018","Klimek et al., 2016","https://doi.org/10.1007/s11284-016-1369-4"
596,,"Hamdi2013","Koch et al. 2007","https://doi.org/10.1029/2007GB002983"
597,,"Kirschbaum1995","Koepf","https://doi.org/10.1002/jpln.19530610103"
598,,"Hamdi2013","Koepf 1953","https://doi.org/10.1002/jpln.19530610103"
599,,"Wang et al. 2018","Laganire et al., 2015","https://doi.org/10.1016/j.soilbio.2015.02.025"
600,,"SIDb","Lavoie2011JGR",
601,,"Hamdi2013","Leifeld and Fuhrer 2005","https://doi.org/10.1007/s10533-005-2237-4"
602,,"Wang et al. 2018","Li et al., 2017","https://doi.org/10.1016/j.agee.2017.09.001"
603,,"Wang et al. 2018","Liao et al., 2011",
604,,"Wang et al. 2018","Lin et al., 2015","https://doi.org/10.1111/gcb.13071"
605,,"Hamdi2013","Liu et al. 2006","https://doi.org/10.1111/j.1365-2486.2006.01245.x"
606,,"Wang et al. 2018","Liu et al., 2006","https://doi.org/10.1016/j.apsoil.2005.08.001"
607,,"McKenzie1998","McKenzie1998","https://doi.org/10.1023/A:1005416903368"
608,"922","SRDB","SRDB-1338",
608,"924","SRDB","SRDB-1338",
609,,"Wang et al. 2018","Meyer et al., 2018","https://doi.org/10.1002/2017GB005644"
610,,"Hamdi2013","Mikan et al. 2002","https://doi.org/10.1016/S0038-0717(02)00168-2"
611,,"Hamdi2013","Miller et al. 2007","https://doi.org/10.1007/s10533-007-9112-4"
612,,"Kirschbaum1995","Moureaux",
613,,"Hamdi2013","Neff and Hooper 2002","https://doi.org/10.1046/j.1365-2486.2002.00517.x"
614,,"SIDb","NeffHooper2002",
615,,"Hamdi2013","Niklinska et al. 1999","https://doi.org/10.1023/A:1006049204600"
616,"1484","SRDB","SRDB-1380",
617,,"SIDb","Niklinska1999",
618,,"Kirschbaum1995","Nyhan","https://www.doi.org/10.1097/00010694-197605000-00005"
619,,"Kirschbaum1995","OConnell","https://doi.org/10.1016/0038-0717(90)90080-J"
620,,"Wang et al. 2018","Pang et al., 2015","https://doi.org/10.1007/s10533-015-0141-0"
621,"174","SRDB","SRDB-1382",
622,,"Wang et al. 2018","Pegoraro & Jarvis, 2008","https://doi.org/10.1111/j.1365-2389.2008.01065.x"
623,,"Hamdi2013","Philipps et al. 2012","https://doi.org/10.1016/j.soilbio.2011.09.012"
624,,"Wang et al. 2018","Plante et al., 2010","https://doi.org/10.1016/j.soilbio.2010.07.022"
625,,"Hamdi2013","Rasmussen et al. 2006","https://doi.org/10.1111/j.1365-2486.2006.01132.x"
626,,"Hamdi2013","Reichstein et al. 2000","https://doi.org/10.1016/S0038-0717(00)00002-X"
627,,"Hamdi2013","Reichstein et al. 2005","https://doi.org/10.1111/j.1365-2486.2005.001010.x"
628,"563","SRDB","SRDB-1384",
628,"565","SRDB","SRDB-1384",
629,,"Reichstein2000","Reichstein2000","https://doi.org/10.1016/S0038-0717(00)00002-X"
630,,"Hamdi2013","Rey and Jarvis 2006","https://doi.org/10.1111/j.1365-2486.2006.01230.x"
631,,"Hamdi2013","Rey et al. 2008","https://doi.org/10.1111/j.1365-2389.2008.01065.x"
632,"1485","SRDB","SRDB-1397",
633,"6046","SRDB","SRDB-10104",
634,"758","SRDB","SRDB-1405",
635,,"Wang et al. 2018","Reynolds et al., 2017","https://doi.org/10.1007/s10533-017-0384-z"
636,"2417","SRDB","SRDB-142",
637,,"Hamdi2013","Rodionow et al. 2006","https://doi.org/10.1016/j.geoderma.2005.10.008"
638,,"Kirschbaum1995","Ross and Cairns",
639,,"RoyChowdhury2014","RoyChowdhury2014","https://doi.org/10.1111/gcb.12762"
640,"759","SRDB","SRDB-1421",
640,"762","SRDB","SRDB-1421",
641,,"Wang et al. 2018","Schindlbacher et al., 2010","https://doi.org/10.1029/2009JG001191"
642,,"Kirschbaum1995","Schleser","https://doi.org/10.1515/zna-1982-0316"
643,,"Wang et al. 2018","Schtt et al., 2014","https://doi.org/10.1016/j.soilbio.2013.11.014"
644,"3311","SRDB","SRDB-143",
644,"3312","SRDB","SRDB-143",
645,,"Hamdi2013","Shaver et al. 2006","https://doi.org/10.1111/j.1365-2745.2006.01139.x"
646,,"Hamdi2013","Shrestha et al. 2004","https://doi.org/10.1023/B:FRES.0000019044.52811.11"
647,,"SIDb","Sierra2017BG",
648,,"Wang et al. 2018","Sihi et al., 2016","https://doi.org/10.1007/s10533-016-0267-8"
649,,"Sihi2016","Sihi2016","https://doi.org/10.1007/s10533-016-0267-8"
650,,"Hamdi2013","Song et al. 2010","https://doi.org/10.1016/j.ejsobi.2010.09.003"
651,,"SIDb","Song2010",
652,"6250","SRDB","SRDB-10208",
652,"6251","SRDB","SRDB-10208",
652,"6252","SRDB","SRDB-10208",
652,"6253","SRDB","SRDB-10208",
652,"6254","SRDB","SRDB-10208",
652,"6255","SRDB","SRDB-10208",
653,,"Song2021","Song2021","https://doi.org/10.1002/ep.13693"
654,,"Wang et al. 2018","Sun et al., 2013",
655,,"Wang et al. 2018","Tang et al., 2017","https://doi.org/10.1371/journal.pone.0186675"
656,"1487","SRDB","SRDB-1437",
657,,"Wang et al. 2018","Thiessen et al., 2013","https://doi.org/10.1016/j.soilbio.2012.10.029"
658,,"Hamdi2013","Townsend et al. 1997","https://doi.org/10.1023/A:1017942918708"
659,,"SIDb","Townsend1997",
660,,"Hamdi2013","Vanhala et al. 2007","https://doi.org/10.1016/j.soilbio.2007.05.022"
661,,"Wang et al. 2018","Wagai et al., 2013","https://doi.org/10.1111/gcb.12112"
662,,"Kirschbaum1995","Waksman and Gerretsen","https://doi.org/10.2307/1932933"
663,,"Hamdi2013","Wang et al. 2010","https://doi.org/10.1016/S1001-0742(09)60217-5"
664,"72","SRDB","SRDB-1438",
665,,"Wang et al. 2018","Wang et al. 2013","https://doi.org/10.1371/journal.pone.0053914"
666,"766","SRDB","SRDB-1469",
666,"767","SRDB","SRDB-1469",
667,,"Wang et al. 2018","Wang et al., 2008",
668,,"Wang et al. 2018","Wang et al., 2013",
669,,"Wang et al. 2018","Wang et al., 2013","https://doi.org/10.1016/S1002-0160(15)60052-2"
670,,"Wang et al. 2018","Wang et al., 2013","https://doi.org/10.5846/stxb201305261189"
671,,"Wang et al. 2018","Wang et al., 2014","https://doi.org/10.1016/j.catena.2014.05.007"
672,,"SIDb","Wang2010",
673,,"Kirschbaum1995","Wiant","https://doi.org/10.1093/jof/65.7.489"
674,,"Hamdi2013","Wickland and Neff 2008","https://doi.org/10.1007/s10533-007-9166-3"
675,,"Hamdi2013","Winkler et al. 1996","https://doi.org/10.1016/0038-0717(96)00076-4"
676,,"SIDb","Winkler1996",
677,,"Wang et al. 2018","Wu et al., 2015",
678,,"Wang et al. 2018","Xiang et al., 2008",
679,,"Hamdi2013","Xu et al. 2012","https://doi.org/10.1016/j.soilbio.2012.03.007"
680,,"Wang et al. 2018","Xu et al., 2009",
681,,"Wang et al. 2018","Xu et al., 2010","https://doi.org/10.1016/j.soilbio.2010.06.021"
682,,"Wang et al. 2018","Xu et al., 2013","https://doi.org/10.3724/SP.J.1258.2013.00102"
683,,"Wang et al. 2018","Yan et al., 2017","https://doi.org/10.1038/s41598-017-05293-1"
684,,"Wang et al. 2018","Yang et al., 2017",
685,,"Wang et al. 2018","Ye et al., 2018",
686,,"Hamdi2013","Zhang et al. 2007","https://doi.org/10.1016/S1001-0742(07)60052-7"
687,,"Wang et al. 2018","Zhao et al., 2015",
688,,"Hamdi2013","Zhu and Cheng 2011","https://doi.org/10.1016/j.soilbio.2010.12.021"
689,,"Wang et al. 2018","Zimmerman and Bird 2012","https://doi.org/10.1016/j.geoderma.2012.04.015"
690,,"Kirschbaum1995",,"https://doi.org/10.1016/0038-0717(94)00242-S"
691,"98","SRDB","SRDB-1470",
692,,"ButterbachBahl2002","ButterbachBahl2002","https://doi.org/10.1023/A:1015856617553"
693,,"Gedney2004","Christensen2003","https://doi.org/10.1029/2002GL016848"
694,,"Zhu2021","Delsontro2010","https://doi.org/10.1021/es9031369"
695,,"Lupascu2018","Frenzel2000","https://doi.org/10.1023/A:1006351118347"
696,,"Zhu2021","He2014","https://doi.org/10.1007/s40333-014-0070-0"
697,,"Rinne2018","Jackowicz-Korczyski2010","https://doi.org/doi:10.1029/2008JG000913"
698,,"Kankaala2004","Kankaala2004","https://doi.org/10.1023/B:BIOG.0000015277.17288.7a"
699,,"Khalil1991","Khalil1991","https://doi.org/10.1021/es00017a023"
700,,"Gedney2004","Khalil1998","https://doi.org/10.1029/98JD01115"
701,,"Rinne2018","Kim1998","https://doi.org/10.1046/j.1365-2486.1999.00237.x"
702,,"Zhu2021","Liu2020","https://doi.org/10.1111/gcb.15247"
703,,"Rinne2018","Marushchak2016","https://doi.org/10.5194/bg-13-597-2016"
704,,"Rinne2018","Mikhaylov2015","https://doi.org/10.1134/S1995425515030099"
705,,"Frenzel2000","Nedwell1995","https://doi.org/10.1016/0038-0717(95)00018-A"
706,,"Lupascu2018","Pelletier2007","https://doi.org/10.1029/2006JG000216"
707,"2831","SRDB","SRDB-1479",
708,,"Zhu2021","Peng2019","https://doi.org/10.1016/j.agrformet.2019.107616"
709,,"Rinne2018","Rinne2018","https://doi.org/10.1029/2017GB005747"
710,"507","SRDB","SRDB-1500",
710,"509","SRDB","SRDB-1500",
710,"511","SRDB","SRDB-1500",
711,,"Khalil1998","Sass1991","https://doi.org/10.1029/91GB02586"
712,,"Khalil1998","Schutz1990","https://doi.org/10.1007/BF00002060"
713,,"Khalil1998","Seiler1984",
714,,"Zhu2021","Song2015","https://doi.org/10.1002/2015JG003043"
715,,"Wang2009","Wang2009","https://doi.org/10.1029/2008JG000857"
716,,"Zhu2021","Wickland2001","https://doi.org/10.1029/2000GB001325"
717,,"Lupascu2018","Worthy2000","https://doi.org/10.1029/1999JD901100"
718,,"Xu-Ri2015","Xu-Ri2015","https://doi.org/10.1002/2015JG002974"
719,,"Khalil1998","Yao1995","https://doi.org/10.1029/94JD01154"
720,,"Zhu2021","Zhu2021","https://doi.org/10.1111/gcb.15454"
721,,"Lupascu2018","Bergman1998","https://doi.org/10.1016/S0038-0717(97)00181-8"
722,,"Lupascu2018","Bergman2000","https://doi.org/10.1111/j.1574-6941.2000.tb00740.x"
723,,"Lai2009","Dunfield1993","https://doi.org/10.1016/0038-0717(93)90130-4"
723,,"Segers1998","Dunfield1993","https://doi.org/10.1016/0038-0717(93)90130-4"
724,,"Fey2000","Fey2000","https://doi.org/10.1128/AEM.66.11.4790-4797.2000"
725,,"Dunfield1993","Kelly1981","https://doi.org/10.4319/lo.1981.26.5.0891"
725,,"Cao1996","Kelly1981","https://doi.org/10.4319/lo.1981.26.5.0891"
726,,"Chari2021","Lupascu2018","https://doi.org/10.1657/1938-4246-44.4.469"
726,,"Lupascu2018","Lupascu2018","https://doi.org/10.1657/1938-4246-44.4.469"
727,,"McNicol2019","McNicol2019","https://doi.org/10.1111/gcb.14916"
728,,"Lupascu2018","Prieme1994","https://doi.org/10.1016/0038-0717(94)90190-2"
729,,"Lai2009","Valentine1994","https://doi.org/10.1029/93JD00391"
729,,"Valentine1994","Valentine1994","https://doi.org/10.1029/93JD00391"
730,,"Dunfield1993","Westermann1987","https://doi.org/10.1128/AEM.53.10.2554-2559.1987"
731,,"Segers1998","Westermann1993","https://doi.org/10.1016/0045-6535(93)90428-8"
732,"1494","SRDB","SRDB-1510",
733,,"Xu2009","Xu2009","https://doi.org/10.1007/s11434-009-0005-x"
734,"567","SRDB","SRDB-1518",
735,,"Xu2016","Xu2015","https://doi.org/10.1002/2015JG002935"
736,,"Zheng2018","Zheng2018","https://doi.org/10.5194/bg-15-6621-2018"
737,"1495","SRDB","SRDB-1539",
737,"1496","SRDB","SRDB-1539",
738,"46","SRDB","SRDB-1565",
738,"49","SRDB","SRDB-1565",
738,"52","SRDB","SRDB-1565",
738,"55","SRDB","SRDB-1565",
739,"771","SRDB","SRDB-1578",
739,"772","SRDB","SRDB-1578",
740,"115","SRDB","SRDB-1639",
741,"935","SRDB","SRDB-1643",
742,"1606","SRDB","SRDB-1647",
743,"440","SRDB","SRDB-1654",
743,"441","SRDB","SRDB-1654",
743,"442","SRDB","SRDB-1654",
743,"443","SRDB","SRDB-1654",
743,"444","SRDB","SRDB-1654",
743,"445","SRDB","SRDB-1654",
744,"434","SRDB","SRDB-1656",
745,"150","SRDB","SRDB-1665",
746,"119","SRDB","SRDB-17",
747,"61","SRDB","SRDB-1736",
747,"62","SRDB","SRDB-1736",
748,"106","SRDB","SRDB-177",
749,"164","SRDB","SRDB-1844",
750,"938","SRDB","SRDB-1850",
750,"939","SRDB","SRDB-1850",
751,"1635","SRDB","SRDB-1853",
752,"826","SRDB","SRDB-1871",
752,"827","SRDB","SRDB-1871",
753,"849","SRDB","SRDB-1878",
754,"187","SRDB","SRDB-1891",
754,"188","SRDB","SRDB-1891",
754,"189","SRDB","SRDB-1891",
754,"190","SRDB","SRDB-1891",
754,"191","SRDB","SRDB-1891",
754,"192","SRDB","SRDB-1891",
754,"193","SRDB","SRDB-1891",
754,"194","SRDB","SRDB-1891",
754,"195","SRDB","SRDB-1891",
754,"196","SRDB","SRDB-1891",
754,"197","SRDB","SRDB-1891",
754,"198","SRDB","SRDB-1891",
754,"199","SRDB","SRDB-1891",
754,"200","SRDB","SRDB-1891",
754,"201","SRDB","SRDB-1891",
754,"202","SRDB","SRDB-1891",
754,"203","SRDB","SRDB-1891",
754,"204","SRDB","SRDB-1891",
754,"205","SRDB","SRDB-1891",
754,"206","SRDB","SRDB-1891",
754,"207","SRDB","SRDB-1891",
754,"208","SRDB","SRDB-1891",
754,"209","SRDB","SRDB-1891",
754,"210","SRDB","SRDB-1891",
754,"211","SRDB","SRDB-1891",
754,"212","SRDB","SRDB-1891",
754,"213","SRDB","SRDB-1891",
754,"214","SRDB","SRDB-1891",
754,"215","SRDB","SRDB-1891",
754,"216","SRDB","SRDB-1891",
754,"217","SRDB","SRDB-1891",
754,"218","SRDB","SRDB-1891",
754,"219","SRDB","SRDB-1891",
754,"220","SRDB","SRDB-1891",
754,"221","SRDB","SRDB-1891",
754,"222","SRDB","SRDB-1891",
754,"223","SRDB","SRDB-1891",
754,"224","SRDB","SRDB-1891",
754,"225","SRDB","SRDB-1891",
754,"226","SRDB","SRDB-1891",
754,"227","SRDB","SRDB-1891",
754,"228","SRDB","SRDB-1891",
754,"229","SRDB","SRDB-1891",
754,"230","SRDB","SRDB-1891",
754,"231","SRDB","SRDB-1891",
755,"6796","SRDB","SRDB-10241",
755,"6797","SRDB","SRDB-10241",
756,"5623","SRDB","SRDB-10266",
756,"5624","SRDB","SRDB-10266",
756,"5625","SRDB","SRDB-10266",
756,"5626","SRDB","SRDB-10266",
756,"5627","SRDB","SRDB-10266",
756,"5628","SRDB","SRDB-10266",
757,"943","SRDB","SRDB-1906",
757,"944","SRDB","SRDB-1906",
757,"945","SRDB","SRDB-1906",
757,"946","SRDB","SRDB-1906",
758,"42","SRDB","SRDB-1908",
758,"43","SRDB","SRDB-1908",
759,"90","SRDB","SRDB-1925",
759,"91","SRDB","SRDB-1925",
760,"702","SRDB","SRDB-1028",
760,"703","SRDB","SRDB-1028",
760,"704","SRDB","SRDB-1028",
760,"705","SRDB","SRDB-1028",
761,"1063","SRDB","SRDB-1932",
761,"1064","SRDB","SRDB-1932",
761,"1065","SRDB","SRDB-1932",
762,"611","SRDB","SRDB-1954",
762,"612","SRDB","SRDB-1954",
762,"613","SRDB","SRDB-1954",
762,"614","SRDB","SRDB-1954",
762,"615","SRDB","SRDB-1954",
762,"616","SRDB","SRDB-1954",
762,"617","SRDB","SRDB-1954",
762,"618","SRDB","SRDB-1954",
762,"619","SRDB","SRDB-1954",
762,"620","SRDB","SRDB-1954",
762,"621","SRDB","SRDB-1954",
762,"622","SRDB","SRDB-1954",
763,"3235","SRDB","SRDB-1971",
764,"869","SRDB","SRDB-1987",
764,"870","SRDB","SRDB-1987",
764,"871","SRDB","SRDB-1987",
764,"872","SRDB","SRDB-1987",
764,"873","SRDB","SRDB-1987",
764,"874","SRDB","SRDB-1987",
765,"462","SRDB","SRDB-2001",
766,"1787","SRDB","SRDB-2029",
767,"2929","SRDB","SRDB-2035",
767,"2938","SRDB","SRDB-2035",
