ref.id,soil.id,reference,soil,depth,ecosystem,climate,temp,q10calc,substrate,q10,corg,norg,clay,ph
1,1,Andrews et al. 2000,Duke_B,0 to 10,forest,temperate,13,equal-time,N,3.75,,,,
1,1,Andrews et al. 2000,Duke_B,0 to 10,forest,temperate,31,equal-time,N,1.73,,,,
2,2,Arevalo et al. 2012,2HP,0 to 10,forest,temperate,10.5,equal-time,N,3.169335549,,,,
2,2,Arevalo et al. 2012,2HP,0 to 10,forest,temperate,17.5,equal-time,N,2.268824061,,,,
2,3,Arevalo et al. 2012,9HP,0 to 10,forest,temperate,10.5,equal-time,N,3.022799955,,,,
2,3,Arevalo et al. 2012,9HP,0 to 10,forest,temperate,17.5,equal-time,N,2.062737023,,,,
2,4,Arevalo et al. 2012,AG,0 to 10,cultivated,temperate,10.5,equal-time,N,3.059507511,,,,
2,4,Arevalo et al. 2012,AG,0 to 10,cultivated,temperate,17.5,equal-time,N,2.468107059,,,,
2,5,Arevalo et al. 2012,GRA,0 to 10,grassland,temperate,10.5,equal-time,N,3.246750317,,,,
2,5,Arevalo et al. 2012,GRA,0 to 10,grassland,temperate,17.5,equal-time,N,2.454716002,,,,
2,6,Arevalo et al. 2012,NAT,0 to 10,forest,temperate,10.5,equal-time,N,2.08326653,,,,
2,6,Arevalo et al. 2012,NAT,0 to 10,forest,temperate,17.5,equal-time,N,2.258540304,,,,
3,7,Barrett et al. 2006,AntDry,0 to 10,polar desert,cold,7.5,equal-time,N,4.6,,,,
3,7,Barrett et al. 2006,AntDry,0 to 10,polar desert,cold,15,equal-time,N,1.6,,,,
4,8,Bekku et al. 2003,Bekku_Arctic,,tundra,cold,11,sequential,N,3.15,15,0.8,,
4,9,Bekku et al. 2003,Bekku_Temperate,,grassland,temperate,11,sequential,N,2.85,7.5,0.5,,
4,9,Bekku et al. 2003,Bekku_Temperate,,grassland,temperate,13,sequential,N,2.5,7.5,0.5,,
4,9,Bekku et al. 2003,Bekku_Temperate,,grassland,temperate,20,sequential,N,2,7.5,0.5,,
4,10,Bekku et al. 2003,Bekku_Tropical,,forest,warm,14.5,sequential,N,2.7,2.5,0.2,,
4,10,Bekku et al. 2003,Bekku_Tropical,,forest,warm,24,sequential,N,2.1,2.5,0.2,,
4,10,Bekku et al. 2003,Bekku_Tropical,,forest,warm,32,sequential,N,2.1,2.5,0.2,,
5,11,Bradford et al. 2010,Brad,0 to 10,forest,temperate,15,equal-time,N,2.56,,,,
6,11,Bradford et al. 2011,Brad,0 to 10,forest,temperate,25,equal-time,N,2.93,,,,
7,12,Chapman and Thurlow 1998,Bad1,0 to 20,peat,temperate,7,sequential,N,6.2,,,,3.3
7,12,Chapman and Thurlow 1998,Bad1,0 to 20,peat,temperate,17.5,equal-time,N,3.4,,,,3.3
7,13,Chapman and Thurlow 1998,Bad2,0 to 20,peat,temperate,7,sequential,N,2.2,,,,3.1
7,13,Chapman and Thurlow 1998,Bad2,0 to 20,peat,temperate,17.5,equal-time,N,3.8,,,,3.1
7,14,Chapman and Thurlow 1998,Burr,0 to 20,peat,temperate,3,sequential,N,85,,,,3.54
7,14,Chapman and Thurlow 1998,Burr,0 to 20,peat,temperate,8,sequential,N,19,,,,3.54
7,14,Chapman and Thurlow 1998,Burr,0 to 20,peat,temperate,17.5,equal-time,N,6.4,,,,3.54
7,15,Chapman and Thurlow 1998,Clov,0 to 20,peat,temperate,10.5,sequential,N,3.7,,,,2.73
7,16,Chapman and Thurlow 1998,Glen1,0 to 20,peat,temperate,7,sequential,N,3.9,,,,2.62
7,17,Chapman and Thurlow 1998,Glen2,0 to 20,peat,temperate,7,sequential,N,2.9,,,,2.73
7,18,Chapman and Thurlow 1998,Glen3,0 to 20,peat,temperate,3,equal-time,N,146,,,,3.08
7,18,Chapman and Thurlow 1998,Glen3,0 to 20,peat,temperate,17.5,equal-time,N,2.3,,,,3.08
7,19,Chapman and Thurlow 1998,Glen4,0 to 20,peat,temperate,17.5,equal-time,N,2.1,,,,4.39
7,20,Chapman and Thurlow 1998,Herm,0 to 20,peat,temperate,3,sequential,N,52,,,,3.65
7,20,Chapman and Thurlow 1998,Herm,0 to 20,peat,temperate,8,sequential,N,9,,,,3.65
7,20,Chapman and Thurlow 1998,Herm,0 to 20,peat,temperate,17.5,equal-time,N,4.6,,,,3.65
7,21,Chapman and Thurlow 1998,Loch1,0 to 20,peat,temperate,7,sequential,N,2.5,,,,2.95
7,21,Chapman and Thurlow 1998,Loch1,0 to 20,peat,temperate,17.5,equal-time,N,1.9,,,,2.95
7,22,Chapman and Thurlow 1998,Loch2,0 to 20,peat,temperate,7,sequential,N,2.7,,,,3.03
7,22,Chapman and Thurlow 1998,Loch2,0 to 20,peat,temperate,17.5,equal-time,N,2.5,,,,3.03
7,23,Chapman and Thurlow 1998,Rea,0 to 20,peat,temperate,3,sequential,N,49,,,,
7,23,Chapman and Thurlow 1998,Rea,0 to 20,peat,temperate,8,sequential,N,14,,,,
7,23,Chapman and Thurlow 1998,Rea,0 to 20,peat,temperate,17.5,equal-time,N,3.8,,,,
7,24,Chapman and Thurlow 1998,Sken,0 to 20,peat,temperate,3,sequential,N,12,,,,3.3
7,24,Chapman and Thurlow 1998,Sken,0 to 20,peat,temperate,12.5,sequential,N,2.5,,,,3.3
7,25,Chapman and Thurlow 1998,Tonb,0 to 20,peat,temperate,10.5,sequential,N,3.3,,,,2.89
7,26,Chapman and Thurlow 1998,Voe,0 to 20,peat,temperate,8,sequential,N,8.1,,,,3.22
7,26,Chapman and Thurlow 1998,Voe,0 to 20,peat,temperate,17.5,equal-time,N,3.2,,,,3.22
8,27,Chen et al. 2010,Chen-FJ,,forest,warm,20,sequential,N,2.929793608,3.34,,,
8,28,Chen et al. 2010,Chen-GS,,grassland,temperate,20,sequential,N,2.224452566,9.9,,,
8,29,Chen et al. 2010,Chen-HN,,forest,warm,20,sequential,N,3.086270919,0.74,,,
8,30,Chen et al. 2010,Chen-IM,,grassland,temperate,20,sequential,N,3.554731163,0.95,,,
8,31,Chen et al. 2010,Chen-JL,,forest,temperate,20,sequential,N,2.004418166,7.69,,,
8,32,Chen et al. 2010,Chen-SX,,cultivated,temperate,20,sequential,N,2.368085881,0.47,,,
9,33,Conant et al. 2008a,Champ-cultivated,,cultivated,,23.5,equal-C,N,2.2,1.8,,,
9,34,Conant et al. 2008a,Champ-grassland,,grassland,,23.5,equal-C,N,1.2,3.8,,,
9,35,Conant et al. 2008a,CO-cultivated,,cultivated,,30,equal-C,N,3.1,0.7,,,
9,36,Conant et al. 2008a,CO-grassland,,grassland,,30,equal-C,N,1.7,1.2,,,
9,37,Conant et al. 2008a,Duke-forest,,forest,,30,equal-C,N,1.7,1,,,
9,38,Conant et al. 2008a,Hari-grassland,,grassland,,22,equal-C,N,2.9,2.5,,,
9,39,Conant et al. 2008a,Taw-grassland,,grassland,,22,equal-C,N,3,4.6,,,
9,40,Conant et al. 2008a,TE-cultivated,,cultivated,,30,equal-C,N,1.8,1,,,
9,41,Conant et al. 2008a,TE-grassland,,grassland,,30,equal-C,N,1.9,1.1,,,
9,42,Conant et al. 2008a,Tima-grassland,,grassland,,22,equal-C,N,3,3.7,,,
10,43,Conant et al. 2008b,ND-cultivated,,cultivated,temperate,9.5,equal-time,N,5.75,2.8,,34.3,
10,43,Conant et al. 2008b,ND-cultivated,,cultivated,temperate,20,equal-time,N,2.525,2.8,,34.3,
10,43,Conant et al. 2008b,ND-cultivated,,cultivated,temperate,30,equal-time,N,2.1,2.8,,34.3,
10,44,Conant et al. 2008b,ND-grassland,,grassland,temperate,9.5,equal-time,N,5.65,3.24,,29.7,
10,44,Conant et al. 2008b,ND-grassland,,grassland,temperate,20,equal-time,N,3.15,3.24,,29.7,
10,44,Conant et al. 2008b,ND-grassland,,grassland,temperate,30,equal-time,N,2.4,3.24,,29.7,
10,45,Conant et al. 2008b,TX-cultivated,,cultivated,warm,9.5,equal-time,N,7.3125,1.02,,42.3,
10,45,Conant et al. 2008b,TX-cultivated,,cultivated,warm,20,equal-time,N,3.375,1.02,,42.3,
10,45,Conant et al. 2008b,TX-cultivated,,cultivated,warm,30,equal-time,N,3.3125,1.02,,42.3,
10,46,Conant et al. 2008b,TX-grassland,,grassland,warm,9.5,equal-time,N,6.3125,1.12,,30.9,
10,46,Conant et al. 2008b,TX-grassland,,grassland,warm,20,equal-time,N,2.8125,1.12,,30.9,
10,46,Conant et al. 2008b,TX-grassland,,grassland,warm,30,equal-time,N,3,1.12,,30.9,
11,47,Conen et al. 2006,HL-C3,0 to 30,cultivated,temperate,20,equal-time,N,3.2,1.1,,8,
11,48,Conen et al. 2006,HL-C4,0 to 30,cultivated,temperate,20,equal-time,N,3.2,1.12,,8,
11,49,Conen et al. 2006,RM-C3,0 to 30,cultivated,temperate,20,equal-time,N,3.7,1.27,,17,
11,50,Conen et al. 2006,RM-C4,0 to 30,cultivated,temperate,20,equal-time,N,4.8,1.37,,17,
12,51,Conen et al. 2008,Basel-C,,cultivated,temperate,20,equal-time,N,3.3,9.2,,,
12,52,Conen et al. 2008,Basel-M,,cultivated,temperate,20,equal-time,N,2.9,13.3,,,
13,53,Cross and Grace 2010,Fresh,5 to 15,forest,temperate,7.5,sequential,N,2.54032562,39.1,1.9,,
13,53,Cross and Grace 2010,Fresh,5 to 15,forest,temperate,13,sequential,N,2.386107514,39.1,1.9,,
13,53,Cross and Grace 2010,Fresh,5 to 15,forest,temperate,19,sequential,N,2.58561308,39.1,1.9,,
13,53,Cross and Grace 2010,Fresh,5 to 15,forest,temperate,26,sequential,N,2.684348706,39.1,1.9,,
13,54,Cross and Grace 2010,Old,20 to 30,forest,temperate,7.5,sequential,N,1.801159136,21.7,0.7,,
13,54,Cross and Grace 2010,Old,20 to 30,forest,temperate,13,sequential,N,2.280470096,21.7,0.7,,
13,54,Cross and Grace 2010,Old,20 to 30,forest,temperate,19,sequential,N,2.209585738,21.7,0.7,,
13,54,Cross and Grace 2010,Old,20 to 30,forest,temperate,26,sequential,N,2.600723743,21.7,0.7,,
14,55,Curiel Yuste et al. 2007,yuste-bc,,forest,temperate,27.5,sequential,N,1.6,13.9,,,
14,56,Curiel Yuste et al. 2007,yuste-bt,,forest,temperate,27.5,sequential,N,1.65,6.4,,,
14,57,Curiel Yuste et al. 2007,yuste-to,,grassland,temperate,27.5,sequential,N,1.75,1.7,,,
14,58,Curiel Yuste et al. 2007,yuste-tu,,grassland,temperate,27.5,sequential,N,1.7,3.9,,,
15,59,Cussack et al. 2010,Lower-C,0 to 10,forest,warm,26,equal-time,N,1.448233333,3.7,0.27,,4
15,59,Cussack et al. 2010,Lower-C,0 to 10,forest,warm,26,equal-C,N,1.438868,3.7,0.27,,4
15,60,Cussack et al. 2010,Lower-N,0 to 10,forest,warm,26,equal-time,Y,1.2904045,4.2,0.33,,4.1
15,60,Cussack et al. 2010,Lower-N,0 to 10,forest,warm,26,equal-C,Y,1.24717,4.2,0.33,,4.1
15,61,Cussack et al. 2010,Upper-C,0 to 10,forest,warm,26,equal-time,N,1.795081667,3.5,0.18,,4.1
15,61,Cussack et al. 2010,Upper-C,0 to 10,forest,warm,26,equal-C,N,1.647714667,3.5,0.18,,4.1
15,62,Cussack et al. 2010,Upper-N,0 to 10,forest,warm,26,equal-time,Y,1.600845,6.7,0.31,,3.9
15,62,Cussack et al. 2010,Upper-N,0 to 10,forest,warm,26,equal-C,Y,1.647715333,6.7,0.31,,3.9
16,63,Dalias et al. 2001,Dalias-Clap,,forest,temperate,7,equal-C,N,,2.6,0.12,17.4,7.7
16,63,Dalias et al. 2001,Dalias-Clap,,forest,temperate,13,equal-C,N,,2.6,0.12,17.4,7.7
16,63,Dalias et al. 2001,Dalias-Clap,,forest,temperate,19.5,equal-C,N,,2.6,0.12,17.4,7.7
16,63,Dalias et al. 2001,Dalias-Clap,,forest,temperate,26.5,equal-C,N,,2.6,0.12,17.4,7.7
16,64,Dalias et al. 2001,Dalias-Hald,,forest,temperate,7,equal-C,N,3.5,5.7,0.38,35,4.9
16,64,Dalias et al. 2001,Dalias-Hald,,forest,temperate,13,equal-C,N,3.4,5.7,0.38,35,4.9
16,64,Dalias et al. 2001,Dalias-Hald,,forest,temperate,19.5,equal-C,N,3.1,5.7,0.38,35,4.9
16,64,Dalias et al. 2001,Dalias-Hald,,forest,temperate,26.5,equal-C,N,3.4,5.7,0.38,35,4.9
16,65,Dalias et al. 2001,Dalias-ThezA1,,forest,temperate,7,equal-C,N,3.8,4.7,0.12,7.6,5.2
16,65,Dalias et al. 2001,Dalias-ThezA1,,forest,temperate,13,equal-C,N,2.8,4.7,0.12,7.6,5.2
16,65,Dalias et al. 2001,Dalias-ThezA1,,forest,temperate,19.5,equal-C,N,1.9,4.7,0.12,7.6,5.2
16,65,Dalias et al. 2001,Dalias-ThezA1,,forest,temperate,26.5,equal-C,N,1.3,4.7,0.12,7.6,5.2
16,66,Dalias et al. 2001,Dalias-ThezOh,,forest,temperate,7,equal-C,N,5.2,38.8,0.9,,4.3
16,66,Dalias et al. 2001,Dalias-ThezOh,,forest,temperate,13,equal-C,N,1.6,38.8,0.9,,4.3
16,66,Dalias et al. 2001,Dalias-ThezOh,,forest,temperate,19.5,equal-C,N,1.6,38.8,0.9,,4.3
16,66,Dalias et al. 2001,Dalias-ThezOh,,forest,temperate,26.5,equal-C,N,1.6,38.8,0.9,,4.3
16,67,Dalias et al. 2001,Dalias-Vind,,forest,temperate,7,equal-C,N,4,44,1.17,,3.6
16,67,Dalias et al. 2001,Dalias-Vind,,forest,temperate,13,equal-C,N,2,44,1.17,,3.6
16,67,Dalias et al. 2001,Dalias-Vind,,forest,temperate,19.5,equal-C,N,0.8,44,1.17,,3.6
16,67,Dalias et al. 2001,Dalias-Vind,,forest,temperate,26.5,equal-C,N,0.7,44,1.17,,3.6
16,68,Dalias et al. 2001,Dalias-WaldOf,,forest,temperate,7,equal-C,N,1.9,47.2,1.8,,3.4
16,68,Dalias et al. 2001,Dalias-WaldOf,,forest,temperate,13,equal-C,N,2.1,47.2,1.8,,3.4
16,68,Dalias et al. 2001,Dalias-WaldOf,,forest,temperate,19.5,equal-C,N,1.5,47.2,1.8,,3.4
16,68,Dalias et al. 2001,Dalias-WaldOf,,forest,temperate,26.5,equal-C,N,1.1,47.2,1.8,,3.4
16,69,Dalias et al. 2001,Dalias-WaldOh,,forest,temperate,7,equal-C,N,3,34,1.07,11,3.5
16,69,Dalias et al. 2001,Dalias-WaldOh,,forest,temperate,13,equal-C,N,1.5,34,1.07,11,3.5
16,69,Dalias et al. 2001,Dalias-WaldOh,,forest,temperate,19.5,equal-C,N,2,34,1.07,11,3.5
16,69,Dalias et al. 2001,Dalias-WaldOh,,forest,temperate,26.5,equal-C,N,1,34,1.07,11,3.5
17,70,Elberling and Brandt 2003,Node,0 to 20,forest,temperate,-5,equal-time,N,50,,,,
17,70,Elberling and Brandt 2003,Node,0 to 20,forest,temperate,5,equal-time,N,3.63,,,,
17,70,Elberling and Brandt 2003,Node,0 to 20,forest,temperate,15,equal-time,N,2.34,,,,
17,71,Elberling and Brandt 2003,Zack,0 to 20,tundra,cold,-5,equal-time,N,22.3,6.5,0.4,,
17,71,Elberling and Brandt 2003,Zack,0 to 20,tundra,cold,5,equal-time,N,2.56,6.5,0.4,,
17,71,Elberling and Brandt 2003,Zack,0 to 20,tundra,cold,15,equal-time,N,1.96,6.5,0.4,,
18,72,Elberling et al. 2006,Polygon,0 to 8,polar desert,cold,2,equal-time,N,344,0.116,,,
18,72,Elberling et al. 2006,Polygon,0 to 8,polar desert,cold,7.5,equal-time,N,3.8,0.116,,,
19,73,Fang and Moncrieff 2001,Fang-cult,,cultivated,temperate,10,sequential,N,2.4,,,,
19,73,Fang and Moncrieff 2001,Fang-cult,,cultivated,temperate,30,sequential,N,2.2,,,,
19,74,Fang and Moncrieff 2001,Fang-forest,,forest,temperate,10,sequential,N,3.4,,,,
19,74,Fang and Moncrieff 2001,Fang-forest,,forest,temperate,30,sequential,N,2.9,,,,
20,75,Fang et al. 2005,Fang-2005,,forest,temperate,24,sequential,N,2.155,,,,
21,76,Fierer et al. 2003,Fierer_0–5,,grassland,warm,22.5,equal-time,N,2.8,3.2,,,
21,77,Fierer et al. 2003,Fierer_100,,grassland,warm,22.5,equal-time,N,3.8,0.84,,,
21,78,Fierer et al. 2003,Fierer_15–25,,grassland,warm,22.5,equal-time,N,3.2,1.7,,,
21,79,Fierer et al. 2003,Fierer_200,,grassland,warm,22.5,equal-time,N,4.1,0.16,,,
21,80,Fierer et al. 2003,Fierer_50,,grassland,warm,22.5,equal-time,N,3.7,0.83,,,
21,81,Fierer et al. 2003,Fierer_5–15,,grassland,warm,22.5,equal-time,N,3,2,,,
22,82,Fierer et al. 2006,Fierer-Boreal,,tundra,cold,20,equal-time,N,2.7,,,,
22,83,Fierer et al. 2006,Fierer-DryFor,,forest,warm,20,equal-time,N,2.8,,,,
22,84,Fierer et al. 2006,Fierer-DryGrass,,grassland,warm,20,equal-time,N,2.9,,,,
22,85,Fierer et al. 2006,Fierer-TempFor,,forest,temperate,20,equal-time,N,2.9,,,,
22,86,Fierer et al. 2006,Fierer-TempGrass,,grassland,temperate,20,equal-time,N,3.1,,,,
22,87,Fierer et al. 2006,Fierer-TropFor,,grassland,warm,20,equal-time,N,3.3,,,,
23,88,Fissore et al. 2009,Various,0 to 20,forest,,20,equal-time,N,1.95,,,,
23,88,Fissore et al. 2009,Various,0 to 20,forest,,20,equal-C,N,1.436467692,,,,
24,89,Gershenson et al. 2009,Gersh-Farm,,cultivated,temperate,5,equal-time,Y,4.65,,,,
24,89,Gershenson et al. 2009,Gersh-Farm,,cultivated,temperate,5,equal-time,N,6.27,,,,
24,89,Gershenson et al. 2009,Gersh-Farm,,cultivated,temperate,16,equal-time,Y,2.47,,,,
24,89,Gershenson et al. 2009,Gersh-Farm,,cultivated,temperate,16,equal-time,N,1.83,,,,
24,89,Gershenson et al. 2009,Gersh-Farm,,cultivated,temperate,26,equal-time,Y,1.78,,,,
24,89,Gershenson et al. 2009,Gersh-Farm,,cultivated,temperate,26,equal-time,N,1.69,,,,
24,90,Gershenson et al. 2009,Gersh-Ga,,grassland,temperate,5,equal-time,Y,3.99,,,,
24,90,Gershenson et al. 2009,Gersh-Ga,,grassland,temperate,5,equal-time,N,2.9,,,,
24,90,Gershenson et al. 2009,Gersh-Ga,,grassland,temperate,16,equal-time,Y,2.6,,,,
24,90,Gershenson et al. 2009,Gersh-Ga,,grassland,temperate,16,equal-time,N,2.49,,,,
24,90,Gershenson et al. 2009,Gersh-Ga,,grassland,temperate,26,equal-time,Y,1.61,,,,
24,90,Gershenson et al. 2009,Gersh-Ga,,grassland,temperate,26,equal-time,N,1.4,,,,
24,91,Gershenson et al. 2009,Gersh-RW,,forest,temperate,5,equal-time,Y,4.46,,,,
24,91,Gershenson et al. 2009,Gersh-RW,,forest,temperate,5,equal-time,N,3.39,,,,
24,91,Gershenson et al. 2009,Gersh-RW,,forest,temperate,16,equal-time,Y,2.4,,,,
24,91,Gershenson et al. 2009,Gersh-RW,,forest,temperate,16,equal-time,N,2.11,,,,
24,91,Gershenson et al. 2009,Gersh-RW,,forest,temperate,26,equal-time,Y,1.67,,,,
24,91,Gershenson et al. 2009,Gersh-RW,,forest,temperate,26,equal-time,N,1.71,,,,
25,92,Gillabel et al. 2010,Gill,,cultivated,temperate,30,equal-C,N,2,0.54,,,
26,93,Grisi et al. 1998,I,,forest,warm,25,equal-time,N,2.2,2.88,0.29,22,6.2
26,94,Grisi et al. 1998,II,,cultivated,warm,25,equal-time,N,1.9,2.95,0.18,82,5.1
26,95,Grisi et al. 1998,III,,cultivated,warm,25,equal-time,N,1.9,0.95,0.1,15,6.4
26,96,Grisi et al. 1998,IV,,cultivated,temperate,25,equal-time,N,1.7,4.09,0.34,68,8.2
26,97,Grisi et al. 1998,V,,grassland,temperate,25,equal-time,N,2.1,2.86,0.27,21,6.9
26,98,Grisi et al. 1998,VI,,grassland,temperate,25,equal-time,N,1.4,1.5,0.14,8,6.8
27,99,Haddix et al. 2011,Haddix-BR,,forest,temperate,30,equal-C,Y,2.2,1.06,,30,
27,99,Haddix et al. 2011,Haddix-BR,,forest,warm,20,equal-time,N,2.064685315,1.06,,30,
27,99,Haddix et al. 2011,Haddix-BR,,forest,warm,30,equal-time,Y,1.4,1.06,,30,
27,99,Haddix et al. 2011,Haddix-BR,,forest,warm,30,equal-C,N,1.651143099,1.06,,30,
27,99,Haddix et al. 2011,Haddix-BR,,grassland,warm,20,equal-time,N,1.575443787,1.41,,25,
27,99,Haddix et al. 2011,Haddix-BR,,grassland,warm,30,equal-time,Y,4.2,1.41,,25,
27,99,Haddix et al. 2011,Haddix-BR,,grassland,warm,30,equal-C,Y,2.4,1.41,,25,
27,99,Haddix et al. 2011,Haddix-BR,,grassland,warm,30,equal-C,N,2.028169014,1.41,,25,
27,100,Haddix et al. 2011,Haddix-CO,,cultivated,temperate,20,equal-time,N,1.75704698,0.69,,28,
27,100,Haddix et al. 2011,Haddix-CO,,cultivated,temperate,30,equal-time,Y,4.6,0.69,,28,
27,100,Haddix et al. 2011,Haddix-CO,,cultivated,temperate,30,equal-C,Y,2.2,0.69,,28,
27,100,Haddix et al. 2011,Haddix-CO,,cultivated,temperate,30,equal-C,N,1.836516425,0.69,,28,
27,100,Haddix et al. 2011,Haddix-CO,,grassland,temperate,20,equal-time,N,1.859958506,1.16,,23,
27,100,Haddix et al. 2011,Haddix-CO,,grassland,temperate,30,equal-time,Y,2.8,1.16,,23,
27,100,Haddix et al. 2011,Haddix-CO,,grassland,temperate,30,equal-C,Y,1.5,1.16,,23,
27,100,Haddix et al. 2011,Haddix-CO,,grassland,temperate,30,equal-C,N,1.684327942,1.16,,23,
27,101,Haddix et al. 2011,Haddix-CR,,forest,warm,20,equal-time,N,2.06372549,20.02,,9,
27,101,Haddix et al. 2011,Haddix-CR,,forest,warm,30,equal-time,Y,4.1,20.02,,9,
27,101,Haddix et al. 2011,Haddix-CR,,forest,warm,30,equal-C,Y,1.9,20.02,,9,
27,101,Haddix et al. 2011,Haddix-CR,,forest,warm,30,equal-C,N,2.304038005,20.02,,9,
27,101,Haddix et al. 2011,Haddix-CR,,grassland,warm,20,equal-time,N,2.07751938,14.16,,12,
27,101,Haddix et al. 2011,Haddix-CR,,grassland,warm,30,equal-time,Y,6.5,14.16,,12,
27,101,Haddix et al. 2011,Haddix-CR,,grassland,warm,30,equal-C,Y,2.9,14.16,,12,
27,101,Haddix et al. 2011,Haddix-CR,,grassland,warm,30,equal-C,N,2.108208955,14.16,,12,
27,102,Haddix et al. 2011,Haddix-ND,,cultivated,temperate,20,equal-time,N,1.773694391,2.8,,33,
27,102,Haddix et al. 2011,Haddix-ND,,cultivated,temperate,30,equal-time,Y,1.3,2.8,,33,
27,102,Haddix et al. 2011,Haddix-ND,,cultivated,temperate,30,equal-C,Y,1.5,2.8,,33,
27,102,Haddix et al. 2011,Haddix-ND,,cultivated,temperate,30,equal-C,N,1.234460196,2.8,,33,
27,102,Haddix et al. 2011,Haddix-ND,,grassland,temperate,20,equal-time,N,2.071246819,3.24,,28,
27,102,Haddix et al. 2011,Haddix-ND,,grassland,temperate,30,equal-time,Y,2.7,3.24,,28,
27,102,Haddix et al. 2011,Haddix-ND,,grassland,temperate,30,equal-C,Y,1.7,3.24,,28,
27,102,Haddix et al. 2011,Haddix-ND,,grassland,temperate,30,equal-C,N,1.846437346,3.24,,28,
27,103,Haddix et al. 2011,Haddix-SK,,cultivated,temperate,20,equal-time,N,1.7852194,2.29,,61,
27,103,Haddix et al. 2011,Haddix-SK,,cultivated,temperate,30,equal-time,Y,3.3,2.29,,61,
27,103,Haddix et al. 2011,Haddix-SK,,cultivated,temperate,30,equal-C,Y,2,2.29,,61,
27,103,Haddix et al. 2011,Haddix-SK,,cultivated,temperate,30,equal-C,N,1.688227684,2.29,,61,
27,103,Haddix et al. 2011,Haddix-SK,,grassland,temperate,20,equal-time,N,1.595092025,3.71,,50,
27,103,Haddix et al. 2011,Haddix-SK,,grassland,temperate,30,equal-time,Y,2.5,3.71,,50,
27,103,Haddix et al. 2011,Haddix-SK,,grassland,temperate,30,equal-C,Y,1.6,3.71,,50,
27,103,Haddix et al. 2011,Haddix-SK,,grassland,temperate,30,equal-C,N,1.381730769,3.71,,50,
27,104,Haddix et al. 2011,Haddix-TX,,cultivated,warm,20,equal-time,N,1.810904872,1.02,,44,
27,104,Haddix et al. 2011,Haddix-TX,,cultivated,warm,30,equal-time,Y,3.1,1.02,,44,
27,104,Haddix et al. 2011,Haddix-TX,,cultivated,warm,30,equal-C,Y,1.6,1.02,,44,
27,104,Haddix et al. 2011,Haddix-TX,,cultivated,warm,30,equal-C,N,1.487508008,1.02,,44,
27,104,Haddix et al. 2011,Haddix-TX,,grassland,warm,20,equal-time,N,1.558333333,1.12,,31,
27,104,Haddix et al. 2011,Haddix-TX,,grassland,warm,30,equal-time,Y,3.4,1.12,,31,
27,104,Haddix et al. 2011,Haddix-TX,,grassland,warm,30,equal-C,Y,2,1.12,,31,
27,104,Haddix et al. 2011,Haddix-TX,,grassland,warm,30,equal-C,N,1.628342246,1.12,,31,
28,105,Hamdi et al. 2010,Hamdi-cult,,cultivated,warm,25,equal-time,N,2.049529442,2.2,,36,8.9
28,105,Hamdi et al. 2010,Hamdi-cult,,cultivated,warm,35,equal-time,N,2.154222401,2.2,,36,8.9
28,105,Hamdi et al. 2010,Hamdi-cult,,cultivated,warm,45,equal-time,N,1.915299671,2.2,,36,8.9
29,106,Hartley and Ineson 2008,Hartley-Escrick,,cultivated,temperate,15,sequential,N,3.12,4,,,6.5
30,107,Hartley et al. 2008,Hartley-tundra,,tundra,cold,6,sequential,N,4.025,,,,
31,108,Hartly et al. 2008,Tund,0 to 10,tundra,cold,4,sequential,N,4.35,,,,
31,108,Hartly et al. 2008,Tund,0 to 10,tundra,cold,8,sequential,N,3.58,,,,
32,109,Holland et al. 2000,Holl-BR-forest,,forest,warm,20,equal-time,N,3.1,2.94,,67.5,
32,109,Holland et al. 2000,Holl-BR-forest,,forest,warm,30,equal-time,N,2.2,2.94,,67.5,
32,109,Holland et al. 2000,Holl-BR-forest,,forest,warm,40,equal-time,N,1.7,2.94,,67.5,
32,109,Holland et al. 2000,Holl-BR-forest,,forest,warm,50,equal-time,N,3.4,2.94,,67.5,
32,110,Holland et al. 2000,Holl-BR-grassland,,grassland,warm,20,equal-time,N,3.1,2.39,,49,
32,110,Holland et al. 2000,Holl-BR-grassland,,grassland,warm,30,equal-time,N,2,2.39,,49,
32,110,Holland et al. 2000,Holl-BR-grassland,,grassland,warm,40,equal-time,N,1.5,2.39,,49,
32,110,Holland et al. 2000,Holl-BR-grassland,,grassland,warm,50,equal-time,N,2.3,2.39,,49,
32,111,Holland et al. 2000,Holl-CR-forest,,forest,warm,20,equal-time,N,4.1,3.25,,47,
32,111,Holland et al. 2000,Holl-CR-forest,,forest,warm,30,equal-time,N,6.4,3.25,,47,
32,111,Holland et al. 2000,Holl-CR-forest,,forest,warm,40,equal-time,N,2.2,3.25,,47,
32,111,Holland et al. 2000,Holl-CR-forest,,forest,warm,50,equal-time,N,1.4,3.25,,47,
32,112,Holland et al. 2000,Holl-CR-grassland10,,grassland,warm,20,equal-time,N,4.8,3.6,,43,
32,112,Holland et al. 2000,Holl-CR-grassland10,,grassland,warm,30,equal-time,N,3.4,3.6,,43,
32,112,Holland et al. 2000,Holl-CR-grassland10,,grassland,warm,40,equal-time,N,1.4,3.6,,43,
32,112,Holland et al. 2000,Holl-CR-grassland10,,grassland,warm,50,equal-time,N,1.9,3.6,,43,
32,113,Holland et al. 2000,Holl-CR-grassland2,,grassland,warm,20,equal-time,N,2.6,4.15,,52,
32,113,Holland et al. 2000,Holl-CR-grassland2,,grassland,warm,30,equal-time,N,2.6,4.15,,52,
32,113,Holland et al. 2000,Holl-CR-grassland2,,grassland,warm,40,equal-time,N,1.1,4.15,,52,
32,113,Holland et al. 2000,Holl-CR-grassland2,,grassland,warm,50,equal-time,N,1.5,4.15,,52,
32,114,Holland et al. 2000,Holl-CR-grassland25,,grassland,warm,20,equal-time,N,3.1,4.65,,57,
32,114,Holland et al. 2000,Holl-CR-grassland25,,grassland,warm,30,equal-time,N,2.4,4.65,,57,
32,114,Holland et al. 2000,Holl-CR-grassland25,,grassland,warm,40,equal-time,N,1.3,4.65,,57,
32,114,Holland et al. 2000,Holl-CR-grassland25,,grassland,warm,50,equal-time,N,1.6,4.65,,57,
32,115,Holland et al. 2000,Holl-HW-forest1700,,forest,warm,20,equal-time,N,2.8,26.6,,,
32,115,Holland et al. 2000,Holl-HW-forest1700,,forest,warm,30,equal-time,N,1.2,26.6,,,
32,115,Holland et al. 2000,Holl-HW-forest1700,,forest,warm,40,equal-time,N,1.7,26.6,,,
32,115,Holland et al. 2000,Holl-HW-forest1700,,forest,warm,50,equal-time,N,1.9,26.6,,,
32,116,Holland et al. 2000,Holl-HW-forest800,,forest,warm,20,equal-time,N,1.6,21.3,,,
32,116,Holland et al. 2000,Holl-HW-forest800,,forest,warm,30,equal-time,N,1.6,21.3,,,
32,116,Holland et al. 2000,Holl-HW-forest800,,forest,warm,40,equal-time,N,1.6,21.3,,,
32,116,Holland et al. 2000,Holl-HW-forest800,,forest,warm,50,equal-time,N,1.5,21.3,,,
32,117,Holland et al. 2000,Holl-HW-grassland1700,,grassland,warm,20,equal-time,N,2,27.4,,,
32,117,Holland et al. 2000,Holl-HW-grassland1700,,grassland,warm,30,equal-time,N,1.5,27.4,,,
32,117,Holland et al. 2000,Holl-HW-grassland1700,,grassland,warm,40,equal-time,N,1.6,27.4,,,
32,117,Holland et al. 2000,Holl-HW-grassland1700,,grassland,warm,50,equal-time,N,1.7,27.4,,,
32,118,Holland et al. 2000,Holl-HW-grassland800,,grassland,warm,20,equal-time,N,1.8,18,,,
32,118,Holland et al. 2000,Holl-HW-grassland800,,grassland,warm,30,equal-time,N,1.6,18,,,
32,118,Holland et al. 2000,Holl-HW-grassland800,,grassland,warm,40,equal-time,N,1.8,18,,,
32,118,Holland et al. 2000,Holl-HW-grassland800,,grassland,warm,50,equal-time,N,2.2,18,,,
32,119,Holland et al. 2000,Holl-TX-forest,,forest,warm,20,equal-time,N,0.8,2.3,,23,
32,119,Holland et al. 2000,Holl-TX-forest,,forest,warm,30,equal-time,N,1.5,2.3,,23,
32,119,Holland et al. 2000,Holl-TX-forest,,forest,warm,40,equal-time,N,3.2,2.3,,23,
32,119,Holland et al. 2000,Holl-TX-forest,,forest,warm,50,equal-time,N,1.7,2.3,,23,
32,120,Holland et al. 2000,Holl-TX-grassland,,grassland,warm,20,equal-time,N,0.5,0.84,,16,
32,120,Holland et al. 2000,Holl-TX-grassland,,grassland,warm,30,equal-time,N,2.2,0.84,,16,
32,120,Holland et al. 2000,Holl-TX-grassland,,grassland,warm,40,equal-time,N,2.7,0.84,,16,
32,120,Holland et al. 2000,Holl-TX-grassland,,grassland,warm,50,equal-time,N,2,0.84,,16,
33,121,Hopkins et al. 2006,Hopk-D,,polar desert,cold,10,equal-time,Y,3.3,,,,
33,121,Hopkins et al. 2006,Hopk-D,,polar desert,cold,10,equal-time,N,1.2,0.05,,,
33,121,Hopkins et al. 2006,Hopk-D,,polar desert,cold,14.5,equal-time,Y,2,,,,
33,121,Hopkins et al. 2006,Hopk-D,,polar desert,cold,14.5,equal-time,N,1.2,0.05,,,
33,122,Hopkins et al. 2006,Hopk-HS,,polar desert,cold,10,equal-time,Y,3.4,,,,
33,122,Hopkins et al. 2006,Hopk-HS,,polar desert,cold,10,equal-time,N,1.6,0.14,,,
33,122,Hopkins et al. 2006,Hopk-HS,,polar desert,cold,14.5,equal-time,Y,2.8,,,,
33,122,Hopkins et al. 2006,Hopk-HS,,polar desert,cold,14.5,equal-time,N,2,0.14,,,
33,123,Hopkins et al. 2006,Hopk-LS,,polar desert,cold,10,equal-time,Y,3.4,,,,
33,123,Hopkins et al. 2006,Hopk-LS,,polar desert,cold,10,equal-time,N,3.3,2.99,,,
33,123,Hopkins et al. 2006,Hopk-LS,,polar desert,cold,14.5,equal-time,Y,3.6,,,,
33,123,Hopkins et al. 2006,Hopk-LS,,polar desert,cold,14.5,equal-time,N,3,2.99,,,
33,124,Hopkins et al. 2006,Hopk-P,,polar desert,cold,10,equal-time,Y,5,,,,
33,124,Hopkins et al. 2006,Hopk-P,,polar desert,cold,10,equal-time,N,1.4,0.16,,,
33,124,Hopkins et al. 2006,Hopk-P,,polar desert,cold,14.5,equal-time,Y,4.4,,,,
33,124,Hopkins et al. 2006,Hopk-P,,polar desert,cold,14.5,equal-time,N,2,0.16,,,
33,125,Hopkins et al. 2006,Hopk-SE,,polar desert,cold,10,equal-time,Y,6.9,,,,
33,125,Hopkins et al. 2006,Hopk-SE,,polar desert,cold,10,equal-time,N,1.9,0.37,,,
33,125,Hopkins et al. 2006,Hopk-SE,,polar desert,cold,14.5,equal-time,Y,2,,,,
33,125,Hopkins et al. 2006,Hopk-SE,,polar desert,cold,14.5,equal-time,N,1.9,0.37,,,
34,126,Huntjens et al. 1981,Hut,1 to 5,cultivated,temperate,16.5,equal-time,N,3.2,1.2,,,6.2
34,126,Huntjens et al. 1981,Hut,1 to 5,grassland,temperate,16.5,equal-time,N,5.7,1.76,,,6.7
35,127,Jenkins and Adams 2011,G,0 to 10,grassland,temperate,30,sequential,N,2.605,4.1,0.5,31,5.3
35,127,Jenkins and Adams 2011,G,10 to 30,grassland,temperate,30,sequential,N,2.3975,3.3,0.4,31,5.3
35,127,Jenkins and Adams 2011,G,30 to 50,grassland,temperate,30,sequential,N,2.225,2.2,0.2,31,5.3
35,128,Jenkins and Adams 2011,WG,0 to 10,forest,temperate,30,sequential,N,2.4375,5,0.9,31,5
35,128,Jenkins and Adams 2011,WG,10 to 30,forest,temperate,30,sequential,N,2.625,3.8,0.6,31,5.1
35,128,Jenkins and Adams 2011,WG,30 to 50,forest,temperate,30,sequential,N,2.545,2.4,0.3,31,5.2
35,129,Jenkins and Adams 2011,WS,0 to 10,forest,temperate,30,sequential,N,2.56,8.5,0.9,31,5
35,129,Jenkins and Adams 2011,WS,10 to 30,forest,temperate,30,sequential,N,2.42,6.1,0.6,31,5
35,129,Jenkins and Adams 2011,WS,30 to 50,forest,temperate,30,sequential,N,2.285,3.5,0.3,31,5.2
36,130,Jonard et al. 2007,Beech,1.5 to 2.5,forest,temperate,11,equal-time,N,1.5,,,,
36,130,Jonard et al. 2007,Beech,2.5 to 30,forest,temperate,11,equal-time,N,1.71,,,,
36,131,Jonard et al. 2007,Mixt,2.5 to 30,forest,temperate,11,equal-time,N,2.01,,,,
36,132,Jonard et al. 2007,Mxt,1.5 to 2.5,forest,temperate,11,equal-time,N,1.71,,,,
36,133,Jonard et al. 2007,Oak,1.5 to 2.5,forest,temperate,11,equal-time,N,1.56,,,,
36,133,Jonard et al. 2007,Oak,2.5 to 30,forest,temperate,11,equal-time,N,2.27,,,,
37,134,Katterer et al. 98,Katt_01,,forest,temperate,21,model,N,1.92,1,,,
37,135,Katterer et al. 98,Katt_02,,cultivated,temperate,17.5,model,N,2.15,34.6,,,
37,136,Katterer et al. 98,Katt_03,,grassland,temperate,14.5,model,N,2.33,4.6,,,
37,137,Katterer et al. 98,Katt_08,,grassland,temperate,15,model,N,2.5,43.5,,,
37,138,Katterer et al. 98,Katt_09,,grassland,temperate,15,model,N,2.75,6.1,,,
37,139,Katterer et al. 98,Katt_11,,cultivated,temperate,15,model,N,2.64,1.8,,,
37,140,Katterer et al. 98,Katt_12,,grassland,temperate,19,model,N,1.47,7.4,,,
37,141,Katterer et al. 98,Katt_15,,cultivated,temperate,30,model,N,1.75,2.2,,,
37,142,Katterer et al. 98,Katt_19,,cultivated,temperate,25,model,N,2.16,2.2,,,
37,143,Katterer et al. 98,Katt_22,,cultivated,temperate,30,model,N,1.91,2.56,,,
37,144,Katterer et al. 98,Katt_24,,cultivated,temperate,12.5,model,N,2.88,2.37,,,
37,145,Katterer et al. 98,Katt_25,,cultivated,temperate,20,model,N,2.33,1.3,,,
38,146,Koch et al. 2007,Koch_F,,grassland,temperate,15,sequential,N,1.9,31,,,4.3
38,147,Koch et al. 2007,Koch_M,,grassland,temperate,15,sequential,N,1.86,17,,,3.9
38,148,Koch et al. 2007,Koch_T,,grassland,temperate,15,sequential,N,2,28,,,4.3
38,149,Koch et al. 2007,Koch_W,,grassland,temperate,15,sequential,N,2.1,35,,,4
39,150,Koepf 1953,Koepf,,cultivated,temperate,15,equal-time,N,2.733333333,1,,10,
39,150,Koepf 1953,Koepf,,cultivated,temperate,25,equal-time,N,2.266666667,1,,10,
39,150,Koepf 1953,Koepf,,cultivated,temperate,35,equal-time,N,1.966666667,1,,10,
40,151,Leifeld and Fuhrer 2005,Arab,25 to 30,cultivated,temperate,15,sequential,N,5.8,1.96,0.29,42,7.2
40,151,Leifeld and Fuhrer 2005,Arab,5 to 10,cultivated,temperate,15,sequential,N,6,3.4,0.36,42,7.2
40,152,Leifeld and Fuhrer 2005,Grass,25 to 30,grassland,temperate,15,sequential,N,4.8,2.46,0.33,43,5.6
40,152,Leifeld and Fuhrer 2005,Grass,5 to 10,grassland,temperate,15,sequential,N,4.8,3.21,0.42,43,5.6
41,153,Liu et al. 2006,A,0 to 10 ,grassland,temperate,19,sequential,N,2.1,1.27,,,8.2
41,154,Liu et al. 2006,B,0 to 10 ,grassland,temperate,19,sequential,N,2.2,1.63,,,8
41,155,Liu et al. 2006,Liu-A,,grassland,temperate,19,sequential,N,2.15,1.3,,,8.3
41,156,Liu et al. 2006,Liu-B,,grassland,temperate,19,sequential,N,2.4,1.6,,,7.8
42,157,Mikan et al. 2002,Inter,0 to 15,tundra,cold,-5.25,equal-time,N,89.1,,,,
42,157,Mikan et al. 2002,Inter,0 to 15,tundra,cold,7.25,equal-time,N,4.6,,,,
42,158,Mikan et al. 2002,Shrub,0 to 15,tundra,cold,-5.25,equal-time,N,63.4,,,,
42,158,Mikan et al. 2002,Shrub,0 to 15,tundra,cold,7.25,equal-time,N,4.9,,,,
42,159,Mikan et al. 2002,Tuss,0 to 15,tundra,cold,-5.25,equal-time,N,89.8,,,,
42,159,Mikan et al. 2002,Tuss,0 to 15,tundra,cold,7.25,equal-time,N,9.4,,,,
42,160,Mikan et al. 2002,WM0-5,0 to 5,tundra,cold,-5.25,equal-time,N,191.3,,,,
42,160,Mikan et al. 2002,WM0-5,0 to 5,tundra,cold,7.25,equal-time,N,5.1,,,,
42,161,Mikan et al. 2002,WM15-25,15 to 25,tundra,cold,-5.25,equal-time,N,164.7,,,,
42,161,Mikan et al. 2002,WM15-25,15 to 25,tundra,cold,7.25,equal-time,N,9.4,,,,
42,162,Mikan et al. 2002,WM5-15,5 to 15,tundra,cold,-5.25,equal-time,N,237,,,,
42,162,Mikan et al. 2002,WM5-15,5 to 15,tundra,cold,7.25,equal-time,N,6.4,,,,
43,163,Miller et al. 2007,DM-alp,0 to 10,grassland,cold,2.5,equal-time,N,2.6,12.4,0.8,,5
43,164,Miller et al. 2007,WM-alp,0 to 10,grassland,cold,2.5,equal-time,N,4.5,13.8,1,,5
43,165,Miller et al. 2007,WM-subalp,0 to 10,grassland,cold,2.5,equal-time,N,5,15.1,0.9,,5
44,166,Neff and Hooper 2002,Chan,0 to 10,tundra,cold,20,equal-time,N,1.79,44,1.35,,
44,167,Neff and Hooper 2002,Fair,0 to 10,tundra,cold,20,equal-time,N,2,44,0.92,,
44,168,Neff and Hooper 2002,Sag,0 to 10,tundra,cold,20,equal-time,N,2.09,45,1.28,,
44,169,Neff and Hooper 2002,Tool,0 to 10,tundra,cold,20,equal-time,N,1.685,40,1.46,,
45,170,Niklinska et al. 1999,B,,forest,temperate,7.5,equal-time,N,2.715,52.83333333,0.105,,5.9
45,170,Niklinska et al. 1999,B,,forest,temperate,12.5,equal-time,N,3.19,52.83333333,0.105,,5.9
45,170,Niklinska et al. 1999,B,,forest,temperate,17.5,equal-time,N,2.055,52.83333333,0.105,,5.9
45,170,Niklinska et al. 1999,B,,forest,temperate,22.5,equal-time,N,0.675,52.83333333,0.105,,5.9
45,171,Niklinska et al. 1999,C,,forest,temperate,7.5,equal-time,N,4.78,25.66666667,0.085,,6.1
45,171,Niklinska et al. 1999,C,,forest,temperate,12.5,equal-time,N,2.055,25.66666667,0.085,,6.1
45,171,Niklinska et al. 1999,C,,forest,temperate,17.5,equal-time,N,1.26,25.66666667,0.085,,6.1
45,171,Niklinska et al. 1999,C,,forest,temperate,22.5,equal-time,N,1.55,25.66666667,0.085,,6.1
45,172,Niklinska et al. 1999,E,,forest,temperate,7.5,equal-time,N,2.4,41.66666667,0.093,,6.3
45,172,Niklinska et al. 1999,E,,forest,temperate,12.5,equal-time,N,3.025,41.66666667,0.093,,6.3
45,172,Niklinska et al. 1999,E,,forest,temperate,17.5,equal-time,N,1.415,41.66666667,0.093,,6.3
45,172,Niklinska et al. 1999,E,,forest,temperate,22.5,equal-time,N,1.17,41.66666667,0.093,,6.3
45,173,Niklinska et al. 1999,H,,forest,temperate,7.5,equal-time,N,3.25,51.72222222,0.071,,5.6
45,173,Niklinska et al. 1999,H,,forest,temperate,12.5,equal-time,N,4.685,51.72222222,0.071,,5.6
45,173,Niklinska et al. 1999,H,,forest,temperate,17.5,equal-time,N,1.915,51.72222222,0.071,,5.6
45,173,Niklinska et al. 1999,H,,forest,temperate,22.5,equal-time,N,0.995,51.72222222,0.071,,5.6
45,174,Niklinska et al. 1999,J,,forest,temperate,7.5,equal-time,N,3.065,51.44444444,0.116,,5.8
45,174,Niklinska et al. 1999,J,,forest,temperate,12.5,equal-time,N,2.265,51.44444444,0.116,,5.8
45,174,Niklinska et al. 1999,J,,forest,temperate,17.5,equal-time,N,2.195,51.44444444,0.116,,5.8
45,174,Niklinska et al. 1999,J,,forest,temperate,22.5,equal-time,N,1.07,51.44444444,0.116,,5.8
45,175,Niklinska et al. 1999,L,,forest,temperate,7.5,equal-time,N,4.68,47.16666667,0.091,,6.1
45,175,Niklinska et al. 1999,L,,forest,temperate,12.5,equal-time,N,1.94,47.16666667,0.091,,6.1
45,175,Niklinska et al. 1999,L,,forest,temperate,17.5,equal-time,N,1.335,47.16666667,0.091,,6.1
45,175,Niklinska et al. 1999,L,,forest,temperate,22.5,equal-time,N,1.28,47.16666667,0.091,,6.1
45,176,Niklinska et al. 1999,O,,forest,temperate,7.5,equal-time,N,4.34,46.16666667,0.167,,5.9
45,176,Niklinska et al. 1999,O,,forest,temperate,12.5,equal-time,N,3.265,46.16666667,0.167,,5.9
45,176,Niklinska et al. 1999,O,,forest,temperate,17.5,equal-time,N,1.97,46.16666667,0.167,,5.9
45,176,Niklinska et al. 1999,O,,forest,temperate,22.5,equal-time,N,1.14,46.16666667,0.167,,5.9
46,177,Philipps et al. 2012,Grass,,grassland,temperate,-5,sequential,N,4.8,4,,,6.2
47,178,Rasmussen et al. 2006,PP-AN,0 to 6,forest,temperate,8.75,equal-time,N,6.217347387,9.8,,25.4,
47,179,Rasmussen et al. 2006,PP-BS,0 to 7,forest,temperate,8.75,equal-time,N,6.334611736,7,,26.8,
47,180,Rasmussen et al. 2006,PP-GR,0 to 7,forest,temperate,8.75,equal-time,N,4.781130736,6.5,,14,
47,181,Rasmussen et al. 2006,RF-AN,0 to 11,forest,temperate,8.75,equal-time,N,3.779218976,9.7,,7.7,
47,182,Rasmussen et al. 2006,RF-BS,0 to 8,forest,temperate,8.75,equal-time,N,2.679493873,16.1,,6.7,
47,183,Rasmussen et al. 2006,RF-GR,0 to 8,forest,temperate,8.75,equal-time,N,1.834346741,5.3,,8.7,
47,184,Rasmussen et al. 2006,WF-AN,0 to 11,forest,temperate,8.75,equal-time,N,7.121969042,8.4,,9.4,
47,185,Rasmussen et al. 2006,WF-BS,0 to 10,forest,temperate,8.75,equal-time,N,5.800874434,9.3,,6.3,
47,186,Rasmussen et al. 2006,WF-GR,0 to 13,forest,temperate,8.75,equal-time,N,4.663225755,5.1,,7.7,
48,187,Reichstein et al. 2000,Gully,,tundra,cold,15,model,N,2.8,5.65,0.37,,3.6
48,188,Reichstein et al. 2000,Ridge,,tundra,cold,15,model,N,2.5,40.31,1.33,,3
49,189,Reichstein et al. 2005,Reich2005-min,,forest,temperate,15,model,N,2.575,4.5,,10,3
49,189,Reichstein et al. 2005,Reich2005-min,,forest,temperate,15,sequential,N,2.45,4.5,,10,3
49,190,Reichstein et al. 2005,Reich2005-org,,forest,temperate,15,model,N,2.775,40,,,3
49,190,Reichstein et al. 2005,Reich2005-org,,forest,temperate,15,sequential,N,2.6,40,,,3
50,191,Rey and Jarvis 2006,COL_0-5,,forest,temperate,17,model,N,2.7,14.8,0.96,,5.9
50,191,Rey and Jarvis 2006,COL_0-5,,forest,temperate,17,equal-C,N,1.9,14.8,0.96,,5.9
50,192,Rey and Jarvis 2006,HAI_0-5,,forest,temperate,17.5,model,N,3.2,7.85,0.61,,3.7
50,192,Rey and Jarvis 2006,HAI_0-5,,forest,temperate,17.5,equal-C,N,2.6,7.85,0.61,,3.7
50,193,Rey and Jarvis 2006,HAR_0-5,,forest,temperate,17,model,N,2.8,6.45,0.63,,5.9
50,193,Rey and Jarvis 2006,HAR_0-5,,forest,temperate,17,equal-C,N,2.6,6.45,0.63,,5.9
50,194,Rey and Jarvis 2006,HES_0-5,,forest,temperate,17.5,model,N,2.5,6.45,0.63,,5.9
50,194,Rey and Jarvis 2006,HES_0-5,,forest,temperate,17.5,equal-C,N,2.5,6.45,0.63,,5.9
50,195,Rey and Jarvis 2006,LOO_0-5,,forest,temperate,17.5,model,N,3.1,6.78,0.5,51.73786744,5.2
50,195,Rey and Jarvis 2006,LOO_0-5,,forest,temperate,17.5,equal-C,N,2.6,6.78,0.5,51.73786744,5.2
50,196,Rey and Jarvis 2006,ROC_0-5_20y,,forest,temperate,17,model,N,2.7,3.85,0.26,31.41790048,4.1
50,196,Rey and Jarvis 2006,ROC_0-5_20y,,forest,temperate,17,equal-C,N,2.2,3.85,0.26,31.41790048,4.1
50,197,Rey and Jarvis 2006,THA_0-5_95y,,forest,temperate,17.5,model,N,2.9,8.46,0.49,,3.4
50,197,Rey and Jarvis 2006,THA_0-5_95y,,forest,temperate,17.5,equal-C,N,2.75,8.46,0.49,,3.4
50,198,Rey and Jarvis 2006,WET_0-5_120y,,forest,temperate,17,model,N,2.9,8.46,0.49,,3.4
50,198,Rey and Jarvis 2006,WET_0-5_120y,,forest,temperate,17,equal-C,N,2.5,8.46,0.49,,3.4
51,199,Rey et al. 2008,COL_0-5,,forest,temperate,17,model,N,2.48,14.8,0.96,,5.9
51,200,Rey et al. 2008,COL_10-20,,forest,temperate,17,model,N,3.25,8.39,0.6,,5.6
51,200,Rey et al. 2008,COL_10-20,,forest,temperate,17,equal-time,N,3.025519944,8.39,0.6,,5.6
51,201,Rey et al. 2008,COL_5-10,,forest,temperate,17,model,N,3.15,11.46,0.78,,5.6
51,201,Rey et al. 2008,COL_5-10,,forest,temperate,17,equal-time,N,2.718067445,11.46,0.78,,5.6
51,202,Rey et al. 2008,HAI_0-5,,forest,temperate,17.5,model,N,2.7,6.78,0.5,,5.2
51,203,Rey et al. 2008,HAI_10-20,,forest,temperate,17.5,model,N,2,2.46,0.23,49.98723047,5.3
51,203,Rey et al. 2008,HAI_10-20,,forest,temperate,17.5,equal-time,N,2.564626531,2.46,0.23,49.98723047,5.3
51,204,Rey et al. 2008,HAI_5-10,,forest,temperate,17.5,model,N,2.59,3.89,0.34,50.56341193,5.1
51,204,Rey et al. 2008,HAI_5-10,,forest,temperate,17.5,equal-time,N,3.042101327,3.89,0.34,50.56341193,5.1
51,205,Rey et al. 2008,HAR_0-5,,forest,temperate,17,model,N,2.86,7.85,0.61,,3.7
51,206,Rey et al. 2008,HAR_10-20,,forest,temperate,17,model,N,3.37,4.93,0.45,,2.8
51,206,Rey et al. 2008,HAR_10-20,,forest,temperate,17,equal-time,N,3.065989254,4.93,0.45,,2.8
51,207,Rey et al. 2008,HAR_5-10,,forest,temperate,17,model,N,2.55,6.77,0.6,,3.1
51,207,Rey et al. 2008,HAR_5-10,,forest,temperate,17,equal-time,N,2.605050131,6.77,0.6,,3.1
51,208,Rey et al. 2008,HES_0-5,,forest,temperate,17.5,model,N,3.25,3.85,0.26,,4.1
51,209,Rey et al. 2008,HES_10-20,,forest,temperate,17.5,model,N,3.11,1.57,0.11,32.02523072,3.8
51,209,Rey et al. 2008,HES_10-20,,forest,temperate,17.5,equal-time,N,2.391085658,1.57,0.11,32.02523072,3.8
51,210,Rey et al. 2008,HES_5-10,,forest,temperate,17.5,model,N,3.05,2.15,0.16,31.78116447,3.9
51,210,Rey et al. 2008,HES_5-10,,forest,temperate,17.5,equal-time,N,2.572637367,2.15,0.16,31.78116447,3.9
51,211,Rey et al. 2008,LOO_0-5,,forest,temperate,17.5,model,N,3.17,8.46,0.49,,3.4
51,212,Rey et al. 2008,LOO_10-20,,forest,temperate,17.5,model,N,3.65,0.58,0.03,,3
51,212,Rey et al. 2008,LOO_10-20,,forest,temperate,17.5,equal-time,N,2.66724409,0.58,0.03,,3
51,213,Rey et al. 2008,LOO_5-10,,forest,temperate,17.5,model,N,3.28,0.72,0.05,,3.3
51,213,Rey et al. 2008,LOO_5-10,,forest,temperate,17.5,equal-time,N,3.500764016,0.72,0.05,,3.3
51,214,Rey et al. 2008,ROC_0-5_20y,,forest,temperate,17,model,N,2.7,6.45,0.63,,5.9
51,215,Rey et al. 2008,ROC_10-20_20y,,forest,temperate,17,model,N,2.79,1.99,0.1,,5.2
51,215,Rey et al. 2008,ROC_10-20_20y,,forest,temperate,17,equal-time,N,2.380358619,1.99,0.1,,5.2
51,216,Rey et al. 2008,ROC_5-10_20y,,forest,temperate,17,model,N,2.96,3.43,0.56,,5.6
51,216,Rey et al. 2008,ROC_5-10_20y,,forest,temperate,17,equal-time,N,2.692502853,3.43,0.56,,5.6
51,217,Rey et al. 2008,THA_0-5_95y,,forest,temperate,17.5,model,N,2.94,36.7,1.54,,3.9
51,218,Rey et al. 2008,THA_10-20_95y,,forest,temperate,17.5,model,N,,4.38,0.16,,3.9
51,218,Rey et al. 2008,THA_10-20_95y,,forest,temperate,17.5,equal-time,N,1.833316556,4.38,0.16,,3.9
51,219,Rey et al. 2008,THA_5-10_95y,,forest,temperate,17.5,model,N,,7.3,0.27,,3.9
51,219,Rey et al. 2008,THA_5-10_95y,,forest,temperate,17.5,equal-time,N,2.149236351,7.3,0.27,,3.9
51,220,Rey et al. 2008,WET_0-5_120y,,forest,temperate,17,model,N,2.92,30.8,1.41,,3.6
51,221,Rey et al. 2008,WET_10-20_120y,,forest,temperate,17,model,N,3.41,8.51,0.37,36.55790965,3.1
51,221,Rey et al. 2008,WET_10-20_120y,,forest,temperate,17,equal-time,N,2.387647066,8.51,0.37,36.55790965,3.1
51,222,Rey et al. 2008,WET_5-10_120y,,forest,temperate,17,model,N,3.07,17.27,0.73,26.26863862,3.1
51,222,Rey et al. 2008,WET_5-10_120y,,forest,temperate,17,equal-time,N,2.436077273,17.27,0.73,26.26863862,3.1
52,223,Rodionow et al. 2006,P0,0 to 10,grassland,temperate,10,equal-time,N,2.520537533,2.5,0.24,17.2,6.3
52,224,Rodionow et al. 2006,P1,0 to 10,tundra,cold,10,equal-time,N,2.172415905,3.6,0.14,24,5.5
52,224,Rodionow et al. 2006,P1,10 to 40,tundra,cold,10,equal-time,N,2.176460052,0.8,0.05,18,5.8
52,225,Rodionow et al. 2006,P2,0 to 30,tundra,cold,10,equal-time,N,2,3,0.19,28,5.5
52,225,Rodionow et al. 2006,P2,0 to 40,tundra,cold,10,equal-time,N,2.43243614,5.3,0.28,27.6,6.4
52,226,Rodionow et al. 2006,P3,0 to 20,tundra,cold,10,equal-time,N,3.081085777,7.4,0.4,30.3,5.9
52,226,Rodionow et al. 2006,P3,20 to 30,tundra,cold,10,equal-time,N,2.368417538,12.8,0.7,28.4,6
53,227,Shaver et al. 2006,Shav,,tundra,cold,11,equal-time,N,2.125,33,,,
54,228,Shrestha et al. 2004,Nep,0 to 10,forest,,10,equal-time,N,3.4,3.4,,,4.7
54,228,Shrestha et al. 2004,Nep,0 to 10,forest,,17.5,equal-time,N,1.8,3.4,,,4.7
55,229,Song et al. 2010,Camb,0 to 10,tundra,cold,12.5,equal-time,N,1.18,10,,,
56,230,Townsend et al. 1997,Town_forest1500,,forest,warm,25,equal-time,N,1.5,26,,,
56,230,Townsend et al. 1997,Town_forest1500,,forest,warm,35,equal-time,N,1.4,26,,,
56,231,Townsend et al. 1997,Town_forest900,,forest,warm,25,equal-time,N,1.55,14.4,,,
56,231,Townsend et al. 1997,Town_forest900,,forest,warm,35,equal-time,N,1.35,14.4,,,
56,232,Townsend et al. 1997,Town_past100,,grassland,warm,25,equal-time,N,1.7,9.6,,,
56,232,Townsend et al. 1997,Town_past100,,grassland,warm,35,equal-time,N,1.3,9.6,,,
56,233,Townsend et al. 1997,Town_past1700,,grassland,warm,25,equal-time,N,1.9,21,,,
56,233,Townsend et al. 1997,Town_past1700,,grassland,warm,35,equal-time,N,1.5,21,,,
56,234,Townsend et al. 1997,Town_past800,,grassland,warm,25,equal-time,N,1.8,15.1,,,
56,234,Townsend et al. 1997,Town_past800,,grassland,warm,35,equal-time,N,1.4,15.1,,,
57,235,Vanhala et al. 2007,Van_Control,,cultivated,temperate,20,equal-time,N,3.41,9,,,
57,235,Vanhala et al. 2007,Van_Control,,cultivated,temperate,26,equal-time,N,3.59,9,,,
57,236,Vanhala et al. 2007,Van_Maize,,cultivated,temperate,20,equal-time,N,3.46,10.5,,,
57,236,Vanhala et al. 2007,Van_Maize,,cultivated,temperate,26,equal-time,N,3.38,10.5,,,
58,237,Wang et al. 2010,Beij1,10 to 20,peat,cold,12.5,equal-time,N,2.05,44.43,1.31,,3.93
58,238,Wang et al. 2010,Beij2,20 to 30,peat,cold,12.5,equal-time,N,1.96,40.56,1.65,,3.52
58,239,Wang et al. 2010,Fei1,10 to 20,peat,cold,12.5,equal-time,N,2.44,42.93,1.34,,4.13
58,240,Wang et al. 2010,Fei2,20 to 30,peat,cold,12.5,equal-time,N,2.37,37.86,1.71,,3.9
58,241,Wang et al. 2010,Huz1,10 to 20,peat,cold,12.5,equal-time,N,2.15,45.01,1.41,,3.88
58,242,Wang et al. 2010,Huz2,20 to 30,peat,cold,12.5,equal-time,N,2.2,41.03,1.7,,3.7
58,243,Wang et al. 2010,Tuqi1,10 to 20,peat,cold,12.5,equal-time,N,2.07,45.16,1.38,,3.86
58,244,Wang et al. 2010,Tuqi2,20 to 30,peat,cold,12.5,equal-time,N,2.06,43.37,1.64,,3.72
58,245,Wang et al. 2010,Zhua1,10 to 20,peat,cold,12.5,equal-time,N,2.09,45.22,1.43,,3.88
58,246,Wang et al. 2010,Zhua2,20 to 30,peat,cold,12.5,equal-time,N,2.15,41.3,1.59,,3.58
59,247,Wickland and Neff 2008,MD,,forest,cold,15,equal-time,N,1.7,29.6,1.18,,
59,248,Wickland and Neff 2008,PD,,forest,cold,15,equal-time,N,1.6,34.7,1.58,,
59,249,Wickland and Neff 2008,WD,,forest,cold,15,equal-time,N,1.9,31,1.16,,
60,250,Winkler et al. 1996,Wink,0 to 28,forest,temperate,16,equal-time,N,1.8,,,,
61,251,Xu et al. 2012,C,0 to 20,grassland,temperate,20,sequential,N,2.608926,1.24,0.113,,7
62,252,Zhang et al. 2007,EP,0 to 15,cultivated,temperate,22.5,equal-time,N,2.256666667,1.77,0.176,45.3,7.15
62,253,Zhang et al. 2007,PP,0 to 15,cultivated,temperate,22.5,equal-time,N,1.09,1.75,0.135,26.5,6.89
62,254,Zhang et al. 2007,RP,0 to 15,cultivated,temperate,22.5,equal-time,N,1.723333333,2.44,0.223,25.9,5.54
63,255,Zhu and Cheng 2011,Cult,0 to 30,cultivated,temperate,22.5,equal-C,N,2.25,0.94,0.11,,
63,256,Zhu and Cheng 2011,Grass,0 to 30,grassland,temperate,22.5,equal-C,N,1.85,1.2,0.13,,
