Source,Reference_number,Duplicate_record,soil.id,Reference,Latitude_deg,Longitude_deg,Soil_type,Depth_cm,Ecosystem_type,climate,Temp_mean,q10calc,substrate,Q10,corg,norg,clay,ph
Hamdi2013,1,,1,Andrews et al. 2000,35_97'N ,79_09'W,Duke_B,0 to 10,forest,temperate,13,equal-time,N,3.75,,,,
Hamdi2013,1,,1,Andrews et al. 2000,,,Duke_B,0 to 10,forest,temperate,31,equal-time,N,1.73,,,,
Hamdi2013,2,,2,Arevalo et al. 2012,54_12'N,114_8'W,2HP,0 to 10,forest,temperate,10.5,equal-time,N,3.17,,,,
Hamdi2013,2,,2,Arevalo et al. 2012,54_12'N,114_8'W,2HP,0 to 10,forest,temperate,17.5,equal-time,N,2.27,,,,
Hamdi2013,2,,3,Arevalo et al. 2012,54_12'N,114_8'W,9HP,0 to 10,forest,temperate,10.5,equal-time,N,3.02,,,,
Hamdi2013,2,,3,Arevalo et al. 2012,54_12'N,114_8'W,9HP,0 to 10,forest,temperate,17.5,equal-time,N,2.06,,,,
Hamdi2013,2,,4,Arevalo et al. 2012,54_12'N,114_8'W,AG,0 to 10,cultivated,temperate,10.5,equal-time,N,3.06,,,,
Hamdi2013,2,,4,Arevalo et al. 2012,54_12'N,114_8'W,AG,0 to 10,cultivated,temperate,17.5,equal-time,N,2.47,,,,
Hamdi2013,2,,5,Arevalo et al. 2012,54_12'N,114_8'W,GRA,0 to 10,grassland,temperate,10.5,equal-time,N,3.25,,,,
Hamdi2013,2,,5,Arevalo et al. 2012,54_12'N,114_8'W,GRA,0 to 10,grassland,temperate,17.5,equal-time,N,2.45,,,,
Hamdi2013,2,,6,Arevalo et al. 2012,54_12'N,114_8'W,NAT,0 to 10,forest,temperate,10.5,equal-time,N,2.08,,,,
Hamdi2013,2,,6,Arevalo et al. 2012,54_12'N,114_8'W,NAT,0 to 10,forest,temperate,17.5,equal-time,N,2.26,,,,
Hamdi2013,3,,7,Barrett et al. 2006,,,AntDry,0 to 10,polar desert,cold,7.5,equal-time,N,4.6,,,,
Hamdi2013,3,,7,Barrett et al. 2006,,,AntDry,0 to 10,polar desert,cold,15,equal-time,N,1.6,,,,
Hamdi2013,4,,8,Bekku et al. 2003,79_N,12_E,Bekku_Arctic,,tundra,cold,11,sequential,N,3.15,15,0.8,,
Hamdi2013,4,,9,Bekku et al. 2003,36_N,140_E,Bekku_Temperate,,grassland,temperate,11,sequential,N,2.85,7.5,0.5,,
Hamdi2013,4,,9,Bekku et al. 2003,36_N,140_E,Bekku_Temperate,,grassland,temperate,13,sequential,N,2.5,7.5,0.5,,
Hamdi2013,4,,9,Bekku et al. 2003,36_N,140_E,Bekku_Temperate,,grassland,temperate,20,sequential,N,2,7.5,0.5,,
Hamdi2013,4,,10,Bekku et al. 2003,2_N,102_E,Bekku_Tropical,,forest,warm,14.5,sequential,N,2.7,2.5,0.2,,
Hamdi2013,4,,10,Bekku et al. 2003,2_N,102_E,Bekku_Tropical,,forest,warm,24,sequential,N,2.1,2.5,0.2,,
Hamdi2013,4,,10,Bekku et al. 2003,2_N,102_E,Bekku_Tropical,,forest,warm,32,sequential,N,2.1,2.5,0.2,,
Hamdi2013,5,,11,Bradford et al. 2010,35_01'N,83_27'W,Brad,0 to 10,forest,temperate,15,equal-time,N,2.56,,,,
Hamdi2013,6,,11,Bradford et al. 2011,,,Brad,0 to 10,forest,temperate,25,equal-time,N,2.93,,,,
Hamdi2013,7,,12,Chapman and Thurlow 1998,58_26'N,,Bad1,0 to 20,peat,temperate,7,sequential,N,6.2,,,,3.3
Hamdi2013,7,,12,Chapman and Thurlow 1998,58_26'N,,Bad1,0 to 20,peat,temperate,17.5,equal-time,N,3.4,,,,3.3
Hamdi2013,7,,13,Chapman and Thurlow 1998,58_26'N,,Bad2,0 to 20,peat,temperate,7,sequential,N,2.2,,,,3.1
Hamdi2013,7,,13,Chapman and Thurlow 1998,58_26'N,,Bad2,0 to 20,peat,temperate,17.5,equal-time,N,3.8,,,,3.1
Hamdi2013,7,,14,Chapman and Thurlow 1998,60_36'N,,Burr,0 to 20,peat,temperate,3,sequential,N,85,,,,3.54
Hamdi2013,7,,14,Chapman and Thurlow 1998,60_36'N,,Burr,0 to 20,peat,temperate,8,sequential,N,19,,,,3.54
Hamdi2013,7,,14,Chapman and Thurlow 1998,60_36'N,,Burr,0 to 20,peat,temperate,17.5,equal-time,N,6.4,,,,3.54
Hamdi2013,7,,15,Chapman and Thurlow 1998,57_17'N,,Clov,0 to 20,peat,temperate,10.5,sequential,N,3.7,,,,2.73
Hamdi2013,7,,16,Chapman and Thurlow 1998,56_55'N,,Glen1,0 to 20,peat,temperate,7,sequential,N,3.9,,,,2.62
Hamdi2013,7,,17,Chapman and Thurlow 1998,56_55'N,,Glen2,0 to 20,peat,temperate,7,sequential,N,2.9,,,,2.73
Hamdi2013,7,,18,Chapman and Thurlow 1998,56_55'N,,Glen3,0 to 20,peat,temperate,3,equal-time,N,146,,,,3.08
Hamdi2013,7,,18,Chapman and Thurlow 1998,56_55'N,,Glen3,0 to 20,peat,temperate,17.5,equal-time,N,2.3,,,,3.08
Hamdi2013,7,,19,Chapman and Thurlow 1998,56_55'N,,Glen4,0 to 20,peat,temperate,17.5,equal-time,N,2.1,,,,4.39
Hamdi2013,7,,20,Chapman and Thurlow 1998,60_50'N,,Herm,0 to 20,peat,temperate,3,sequential,N,52,,,,3.65
Hamdi2013,7,,20,Chapman and Thurlow 1998,60_50'N,,Herm,0 to 20,peat,temperate,8,sequential,N,9,,,,3.65
Hamdi2013,7,,20,Chapman and Thurlow 1998,60_50'N,,Herm,0 to 20,peat,temperate,17.5,equal-time,N,4.6,,,,3.65
Hamdi2013,7,,21,Chapman and Thurlow 1998,56_07'N,,Loch1,0 to 20,peat,temperate,7,sequential,N,2.5,,,,2.95
Hamdi2013,7,,21,Chapman and Thurlow 1998,56_07'N,,Loch1,0 to 20,peat,temperate,17.5,equal-time,N,1.9,,,,2.95
Hamdi2013,7,,22,Chapman and Thurlow 1998,56_07'N,,Loch2,0 to 20,peat,temperate,7,sequential,N,2.7,,,,3.03
Hamdi2013,7,,22,Chapman and Thurlow 1998,56_07'N,,Loch2,0 to 20,peat,temperate,17.5,equal-time,N,2.5,,,,3.03
Hamdi2013,7,,23,Chapman and Thurlow 1998,60_35'N,,Rea,0 to 20,peat,temperate,3,sequential,N,49,,,,
Hamdi2013,7,,23,Chapman and Thurlow 1998,60_35'N,,Rea,0 to 20,peat,temperate,8,sequential,N,14,,,,
Hamdi2013,7,,23,Chapman and Thurlow 1998,60_35'N,,Rea,0 to 20,peat,temperate,17.5,equal-time,N,3.8,,,,
Hamdi2013,7,,24,Chapman and Thurlow 1998,57_11'N,,Sken,0 to 20,peat,temperate,3,sequential,N,12,,,,3.3
Hamdi2013,7,,24,Chapman and Thurlow 1998,57_11'N,,Sken,0 to 20,peat,temperate,12.5,sequential,N,2.5,,,,3.3
Hamdi2013,7,,25,Chapman and Thurlow 1998,57_20'N,,Tonb,0 to 20,peat,temperate,10.5,sequential,N,3.3,,,,2.89
Hamdi2013,7,,26,Chapman and Thurlow 1998,60_20'N,,Voe,0 to 20,peat,temperate,8,sequential,N,8.1,,,,3.22
Hamdi2013,7,,26,Chapman and Thurlow 1998,60_20'N,,Voe,0 to 20,peat,temperate,17.5,equal-time,N,3.2,,,,3.22
Hamdi2013,8,,27,Chen et al. 2010,,,Chen-FJ,,forest,warm,20,sequential,N,2.93,3.34,,,
Hamdi2013,8,,28,Chen et al. 2010,,,Chen-GS,,grassland,temperate,20,sequential,N,2.22,9.9,,,
Hamdi2013,8,,29,Chen et al. 2010,,,Chen-HN,,forest,warm,20,sequential,N,3.09,0.74,,,
Hamdi2013,8,,30,Chen et al. 2010,,,Chen-IM,,grassland,temperate,20,sequential,N,3.55,0.95,,,
Hamdi2013,8,,31,Chen et al. 2010,,,Chen-JL,,forest,temperate,20,sequential,N,2,7.69,,,
Hamdi2013,8,,32,Chen et al. 2010,,,Chen-SX,,cultivated,temperate,20,sequential,N,2.37,0.47,,,
Hamdi2013,9,,33,Conant et al. 2008a,,,Champ-cultivated,,cultivated,,23.5,equal-C,N,2.2,1.8,,,
Hamdi2013,9,,34,Conant et al. 2008a,,,Champ-grassland,,grassland,,23.5,equal-C,N,1.2,3.8,,,
Hamdi2013,9,,35,Conant et al. 2008a,40.15_N,103.15_W,CO-cultivated,,cultivated,,30,equal-C,N,3.1,0.7,,,
Hamdi2013,9,,36,Conant et al. 2008a,40.15_N,103.15_W,CO-grassland,,grassland,,30,equal-C,N,1.7,1.2,,,
Hamdi2013,9,,37,Conant et al. 2008a,,,Duke-forest,,forest,,30,equal-C,N,1.7,1,,,
Hamdi2013,9,,38,Conant et al. 2008a,,,Hari-grassland,,grassland,,22,equal-C,N,2.9,2.5,,,
Hamdi2013,9,,39,Conant et al. 2008a,,,Taw-grassland,,grassland,,22,equal-C,N,3,4.6,,,
Hamdi2013,9,,40,Conant et al. 2008a,33.9_N,99.4_W,TE-cultivated,,cultivated,,30,equal-C,N,1.8,1,,,
Hamdi2013,9,,41,Conant et al. 2008a,33.9_N,99.4_W,TE-grassland,,grassland,,30,equal-C,N,1.9,1.1,,,
Hamdi2013,9,,42,Conant et al. 2008a,,,Tima-grassland,,grassland,,22,equal-C,N,3,3.7,,,
Hamdi2013,10,,43,Conant et al. 2008b,46_46'N,100_55'W,ND-cultivated,,cultivated,temperate,9.5,equal-time,N,5.75,2.8,,34.3,
Hamdi2013,10,,43,Conant et al. 2008b,46_46'N,100_55'W,ND-cultivated,,cultivated,temperate,20,equal-time,N,2.53,2.8,,34.3,
Hamdi2013,10,,43,Conant et al. 2008b,46_46'N,100_55'W,ND-cultivated,,cultivated,temperate,30,equal-time,N,2.1,2.8,,34.3,
Hamdi2013,10,,44,Conant et al. 2008b,46_46'N,100_55'W,ND-grassland,,grassland,temperate,9.5,equal-time,N,5.65,3.24,,29.7,
Hamdi2013,10,,44,Conant et al. 2008b,46_46'N,100_55'W,ND-grassland,,grassland,temperate,20,equal-time,N,3.15,3.24,,29.7,
Hamdi2013,10,,44,Conant et al. 2008b,46_46'N,100_55'W,ND-grassland,,grassland,temperate,30,equal-time,N,2.4,3.24,,29.7,
Hamdi2013,10,,45,Conant et al. 2008b,33_50'N,99_02'W,TX-cultivated,,cultivated,warm,9.5,equal-time,N,7.31,1.02,,42.3,
Hamdi2013,10,,45,Conant et al. 2008b,33_50'N,99_02'W,TX-cultivated,,cultivated,warm,20,equal-time,N,3.38,1.02,,42.3,
Hamdi2013,10,,45,Conant et al. 2008b,33_50'N,99_02'W,TX-cultivated,,cultivated,warm,30,equal-time,N,3.31,1.02,,42.3,
Hamdi2013,10,,46,Conant et al. 2008b,33_50'N,99_02'W,TX-grassland,,grassland,warm,9.5,equal-time,N,6.31,1.12,,30.9,
Hamdi2013,10,,46,Conant et al. 2008b,33_50'N,99_02'W,TX-grassland,,grassland,warm,20,equal-time,N,2.81,1.12,,30.9,
Hamdi2013,10,,46,Conant et al. 2008b,33_50'N,99_02'W,TX-grassland,,grassland,warm,30,equal-time,N,3,1.12,,30.9,
Hamdi2013,11,,47,Conen et al. 2006,,,HL-C3,0 to 30,cultivated,temperate,20,equal-time,N,3.2,1.1,,8,
Hamdi2013,11,,48,Conen et al. 2006,,,HL-C4,0 to 30,cultivated,temperate,20,equal-time,N,3.2,1.12,,8,
Hamdi2013,11,,49,Conen et al. 2006,"48_21'47""N","13_11'46""W",RM-C3,0 to 30,cultivated,temperate,20,equal-time,N,3.7,1.27,,17,
Hamdi2013,11,,50,Conen et al. 2006,"48_21'47""N","13_11'46""W",RM-C4,0 to 30,cultivated,temperate,20,equal-time,N,4.8,1.37,,17,
Hamdi2013,12,,51,Conen et al. 2008,,,Basel-C,,cultivated,temperate,20,equal-time,N,3.3,9.2,,,
Hamdi2013,12,,52,Conen et al. 2008,,,Basel-M,,cultivated,temperate,20,equal-time,N,2.9,13.3,,,
Hamdi2013,13,,53,Cross and Grace 2010,"55_12'59""N","2_1'28""W",Fresh,5 to 15,forest,temperate,7.5,sequential,N,2.54,39.1,1.9,,
Hamdi2013,13,,53,Cross and Grace 2010,"55_12'59""N","2_1'28""W",Fresh,5 to 15,forest,temperate,13,sequential,N,2.39,39.1,1.9,,
Hamdi2013,13,,53,Cross and Grace 2010,"55_12'59""N","2_1'28""W",Fresh,5 to 15,forest,temperate,19,sequential,N,2.59,39.1,1.9,,
Hamdi2013,13,,53,Cross and Grace 2010,"55_12'59""N","2_1'28""W",Fresh,5 to 15,forest,temperate,26,sequential,N,2.68,39.1,1.9,,
Hamdi2013,13,,54,Cross and Grace 2010,"55_12'59""N","2_1'28""W",Old,20 to 30,forest,temperate,7.5,sequential,N,1.8,21.7,0.7,,
Hamdi2013,13,,54,Cross and Grace 2010,"55_12'59""N","2_1'28""W",Old,20 to 30,forest,temperate,13,sequential,N,2.28,21.7,0.7,,
Hamdi2013,13,,54,Cross and Grace 2010,"55_12'59""N","2_1'28""W",Old,20 to 30,forest,temperate,19,sequential,N,2.21,21.7,0.7,,
Hamdi2013,13,,54,Cross and Grace 2010,"55_12'59""N","2_1'28""W",Old,20 to 30,forest,temperate,26,sequential,N,2.6,21.7,0.7,,
Hamdi2013,14,,55,Curiel Yuste et al. 2007,"38_53'42.9""N","120_37'57.9""W",yuste-bc,,forest,temperate,27.5,sequential,N,1.6,13.9,,,
Hamdi2013,14,,56,Curiel Yuste et al. 2007,"38_53'42.9""N","120_37'57.9""W",yuste-bt,,forest,temperate,27.5,sequential,N,1.65,6.4,,,
Hamdi2013,14,,57,Curiel Yuste et al. 2007,"38_53'42.9""N","120_37'57.9""W",yuste-to,,grassland,temperate,27.5,sequential,N,1.75,1.7,,,
Hamdi2013,14,,58,Curiel Yuste et al. 2007,"38_53'42.9""N","120_37'57.9""W",yuste-tu,,grassland,temperate,27.5,sequential,N,1.7,3.9,,,
Hamdi2013,15,,59,Cussack et al. 2010,18.3_N,65.8_W,Lower-C,0 to 10,forest,warm,26,equal-time,N,1.45,3.7,0.27,,4
Hamdi2013,15,,59,Cussack et al. 2010,18.3_N,65.8_W,Lower-C,0 to 10,forest,warm,26,equal-C,N,1.44,3.7,0.27,,4
Hamdi2013,15,,60,Cussack et al. 2010,18.3_N,65.8_W,Lower-N,0 to 10,forest,warm,26,equal-time,Y,1.29,4.2,0.33,,4.1
Hamdi2013,15,,60,Cussack et al. 2010,18.3_N,65.8_W,Lower-N,0 to 10,forest,warm,26,equal-C,Y,1.25,4.2,0.33,,4.1
Hamdi2013,15,,61,Cussack et al. 2010,18.3_N,65.8_W,Upper-C,0 to 10,forest,warm,26,equal-time,N,1.8,3.5,0.18,,4.1
Hamdi2013,15,,61,Cussack et al. 2010,18.3_N,65.8_W,Upper-C,0 to 10,forest,warm,26,equal-C,N,1.65,3.5,0.18,,4.1
Hamdi2013,15,,62,Cussack et al. 2010,18.3_N,65.8_W,Upper-N,0 to 10,forest,warm,26,equal-time,Y,1.6,6.7,0.31,,3.9
Hamdi2013,15,,62,Cussack et al. 2010,18.3_N,65.8_W,Upper-N,0 to 10,forest,warm,26,equal-C,Y,1.65,6.7,0.31,,3.9
Hamdi2013,16,,63,Dalias et al. 2001,43_09'N,3_08'E  ,Dalias-Clap,,forest,temperate,7,equal-C,N,,2.6,0.12,17.4,7.7
Hamdi2013,16,,63,Dalias et al. 2001,43_09'N,3_08'E  ,Dalias-Clap,,forest,temperate,13,equal-C,N,,2.6,0.12,17.4,7.7
Hamdi2013,16,,63,Dalias et al. 2001,43_09'N,3_08'E  ,Dalias-Clap,,forest,temperate,19.5,equal-C,N,,2.6,0.12,17.4,7.7
Hamdi2013,16,,63,Dalias et al. 2001,43_09'N,3_08'E  ,Dalias-Clap,,forest,temperate,26.5,equal-C,N,,2.6,0.12,17.4,7.7
Hamdi2013,16,,64,Dalias et al. 2001,50_37'N,3_40'W ,Dalias-Hald,,forest,temperate,7,equal-C,N,3.5,5.7,0.38,35,4.9
Hamdi2013,16,,64,Dalias et al. 2001,50_37'N,3_40'W ,Dalias-Hald,,forest,temperate,13,equal-C,N,3.4,5.7,0.38,35,4.9
Hamdi2013,16,,64,Dalias et al. 2001,50_37'N,3_40'W ,Dalias-Hald,,forest,temperate,19.5,equal-C,N,3.1,5.7,0.38,35,4.9
Hamdi2013,16,,64,Dalias et al. 2001,50_37'N,3_40'W ,Dalias-Hald,,forest,temperate,26.5,equal-C,N,3.4,5.7,0.38,35,4.9
Hamdi2013,16,,65,Dalias et al. 2001,43_07'N,2_45'E ,Dalias-ThezA1,,forest,temperate,7,equal-C,N,3.8,4.7,0.12,7.6,5.2
Hamdi2013,16,,65,Dalias et al. 2001,43_07'N,2_45'E ,Dalias-ThezA1,,forest,temperate,13,equal-C,N,2.8,4.7,0.12,7.6,5.2
Hamdi2013,16,,65,Dalias et al. 2001,43_07'N,2_45'E ,Dalias-ThezA1,,forest,temperate,19.5,equal-C,N,1.9,4.7,0.12,7.6,5.2
Hamdi2013,16,,65,Dalias et al. 2001,43_07'N,2_45'E ,Dalias-ThezA1,,forest,temperate,26.5,equal-C,N,1.3,4.7,0.12,7.6,5.2
Hamdi2013,16,,66,Dalias et al. 2001,43_07'N,2_45'E ,Dalias-ThezOh,,forest,temperate,7,equal-C,N,5.2,38.8,0.9,,4.3
Hamdi2013,16,,66,Dalias et al. 2001,43_07'N,2_45'E ,Dalias-ThezOh,,forest,temperate,13,equal-C,N,1.6,38.8,0.9,,4.3
Hamdi2013,16,,66,Dalias et al. 2001,43_07'N,2_45'E ,Dalias-ThezOh,,forest,temperate,19.5,equal-C,N,1.6,38.8,0.9,,4.3
Hamdi2013,16,,66,Dalias et al. 2001,43_07'N,2_45'E ,Dalias-ThezOh,,forest,temperate,26.5,equal-C,N,1.6,38.8,0.9,,4.3
Hamdi2013,16,,67,Dalias et al. 2001,64_00'N,21_05'E,Dalias-Vind,,forest,temperate,7,equal-C,N,4,44,1.17,,3.6
Hamdi2013,16,,67,Dalias et al. 2001,64_00'N,21_05'E,Dalias-Vind,,forest,temperate,13,equal-C,N,2,44,1.17,,3.6
Hamdi2013,16,,67,Dalias et al. 2001,64_00'N,21_05'E,Dalias-Vind,,forest,temperate,19.5,equal-C,N,0.8,44,1.17,,3.6
Hamdi2013,16,,67,Dalias et al. 2001,64_00'N,21_05'E,Dalias-Vind,,forest,temperate,26.5,equal-C,N,0.7,44,1.17,,3.6
Hamdi2013,16,,68,Dalias et al. 2001,50_08'N,11_52'W,Dalias-WaldOf,,forest,temperate,7,equal-C,N,1.9,47.2,1.8,,3.4
Hamdi2013,16,,68,Dalias et al. 2001,50_08'N,11_52'W,Dalias-WaldOf,,forest,temperate,13,equal-C,N,2.1,47.2,1.8,,3.4
Hamdi2013,16,,68,Dalias et al. 2001,50_08'N,11_52'W,Dalias-WaldOf,,forest,temperate,19.5,equal-C,N,1.5,47.2,1.8,,3.4
Hamdi2013,16,,68,Dalias et al. 2001,50_08'N,11_52'W,Dalias-WaldOf,,forest,temperate,26.5,equal-C,N,1.1,47.2,1.8,,3.4
Hamdi2013,16,,69,Dalias et al. 2001,50_08'N,11_52'W,Dalias-WaldOh,,forest,temperate,7,equal-C,N,3,34,1.07,11,3.5
Hamdi2013,16,,69,Dalias et al. 2001,50_08'N,11_52'W,Dalias-WaldOh,,forest,temperate,13,equal-C,N,1.5,34,1.07,11,3.5
Hamdi2013,16,,69,Dalias et al. 2001,50_08'N,11_52'W,Dalias-WaldOh,,forest,temperate,19.5,equal-C,N,2,34,1.07,11,3.5
Hamdi2013,16,,69,Dalias et al. 2001,50_08'N,11_52'W,Dalias-WaldOh,,forest,temperate,26.5,equal-C,N,1,34,1.07,11,3.5
Hamdi2013,17,,70,Elberling and Brandt 2003,56_N,,Node,0 to 20,forest,temperate,-5,equal-time,N,50,,,,
Hamdi2013,17,,70,Elberling and Brandt 2003,56_N,,Node,0 to 20,forest,temperate,5,equal-time,N,3.63,,,,
Hamdi2013,17,,70,Elberling and Brandt 2003,56_N,,Node,0 to 20,forest,temperate,15,equal-time,N,2.34,,,,
Hamdi2013,17,,71,Elberling and Brandt 2003,74_28'N,20_34'W,Zack,0 to 20,tundra,cold,-5,equal-time,N,22.3,6.5,0.4,,
Hamdi2013,17,,71,Elberling and Brandt 2003,74_28'N,20_34'W,Zack,0 to 20,tundra,cold,5,equal-time,N,2.56,6.5,0.4,,
Hamdi2013,17,,71,Elberling and Brandt 2003,74_28'N,20_34'W,Zack,0 to 20,tundra,cold,15,equal-time,N,1.96,6.5,0.4,,
Hamdi2013,18,,72,Elberling et al. 2006,78_ 01'S,163_53'E,Polygon,0 to 8,polar desert,cold,2,equal-time,N,344,0.116,,,
Hamdi2013,18,,72,Elberling et al. 2006,78_ 01'S,163_53'E,Polygon,0 to 8,polar desert,cold,7.5,equal-time,N,3.8,0.116,,,
Hamdi2013,19,,73,Fang and Moncrieff 2001,,,Fang-cult,,cultivated,temperate,10,sequential,N,2.4,,,,
Hamdi2013,19,,73,Fang and Moncrieff 2001,,,Fang-cult,,cultivated,temperate,30,sequential,N,2.2,,,,
Hamdi2013,19,,74,Fang and Moncrieff 2001,,,Fang-forest,,forest,temperate,10,sequential,N,3.4,,,,
Hamdi2013,19,,74,Fang and Moncrieff 2001,,,Fang-forest,,forest,temperate,30,sequential,N,2.9,,,,
Hamdi2013,20,,75,Fang et al. 2005,56_37'N,3_48'W,Fang-2005,,forest,temperate,24,sequential,N,2.16,,,,
Hamdi2013,21,,76,Fierer et al. 2003,34_42'N,120_03'W,Fierer_0–5,,grassland,warm,22.5,equal-time,N,2.8,3.2,,,
Hamdi2013,21,,77,Fierer et al. 2003,34_42'N,120_03'W,Fierer_100,,grassland,warm,22.5,equal-time,N,3.8,0.84,,,
Hamdi2013,21,,78,Fierer et al. 2003,34_42'N,120_03'W,Fierer_15–25,,grassland,warm,22.5,equal-time,N,3.2,1.7,,,
Hamdi2013,21,,79,Fierer et al. 2003,34_42'N,120_03'W,Fierer_200,,grassland,warm,22.5,equal-time,N,4.1,0.16,,,
Hamdi2013,21,,80,Fierer et al. 2003,34_42'N,120_03'W,Fierer_50,,grassland,warm,22.5,equal-time,N,3.7,0.83,,,
Hamdi2013,21,,81,Fierer et al. 2003,34_42'N,120_03'W,Fierer_5–15,,grassland,warm,22.5,equal-time,N,3,2,,,
Hamdi2013,22,y,82,Fierer et al. 2006,,,Fierer-Boreal,,tundra,cold,20,equal-time,N,2.7,,,,
Hamdi2013,22,y,83,Fierer et al. 2006,,,Fierer-DryFor,,forest,warm,20,equal-time,N,2.8,,,,
Hamdi2013,22,y,84,Fierer et al. 2006,,,Fierer-DryGrass,,grassland,warm,20,equal-time,N,2.9,,,,
Hamdi2013,22,y,85,Fierer et al. 2006,,,Fierer-TempFor,,forest,temperate,20,equal-time,N,2.9,,,,
Hamdi2013,22,y,86,Fierer et al. 2006,,,Fierer-TempGrass,,grassland,temperate,20,equal-time,N,3.1,,,,
Hamdi2013,22,y,87,Fierer et al. 2006,,,Fierer-TropFor,,grassland,warm,20,equal-time,N,3.3,,,,
Hamdi2013,23,,88,Fissore et al. 2009,,,Various,0 to 20,forest,,20,equal-time,N,1.95,,,,
Hamdi2013,23,,88,Fissore et al. 2009,,,Various,0 to 20,forest,,20,equal-C,N,1.44,,,,
Hamdi2013,24,,89,Gershenson et al. 2009,,,Gersh-Farm,,cultivated,temperate,5,equal-time,Y,4.65,,,,
Hamdi2013,24,,89,Gershenson et al. 2009,,,Gersh-Farm,,cultivated,temperate,5,equal-time,N,6.27,,,,
Hamdi2013,24,,89,Gershenson et al. 2009,,,Gersh-Farm,,cultivated,temperate,16,equal-time,Y,2.47,,,,
Hamdi2013,24,,89,Gershenson et al. 2009,,,Gersh-Farm,,cultivated,temperate,16,equal-time,N,1.83,,,,
Hamdi2013,24,,89,Gershenson et al. 2009,,,Gersh-Farm,,cultivated,temperate,26,equal-time,Y,1.78,,,,
Hamdi2013,24,,89,Gershenson et al. 2009,,,Gersh-Farm,,cultivated,temperate,26,equal-time,N,1.69,,,,
Hamdi2013,24,,90,Gershenson et al. 2009,,,Gersh-Ga,,grassland,temperate,5,equal-time,Y,3.99,,,,
Hamdi2013,24,,90,Gershenson et al. 2009,,,Gersh-Ga,,grassland,temperate,5,equal-time,N,2.9,,,,
Hamdi2013,24,,90,Gershenson et al. 2009,,,Gersh-Ga,,grassland,temperate,16,equal-time,Y,2.6,,,,
Hamdi2013,24,,90,Gershenson et al. 2009,,,Gersh-Ga,,grassland,temperate,16,equal-time,N,2.49,,,,
Hamdi2013,24,,90,Gershenson et al. 2009,,,Gersh-Ga,,grassland,temperate,26,equal-time,Y,1.61,,,,
Hamdi2013,24,,90,Gershenson et al. 2009,,,Gersh-Ga,,grassland,temperate,26,equal-time,N,1.4,,,,
Hamdi2013,24,,91,Gershenson et al. 2009,,,Gersh-RW,,forest,temperate,5,equal-time,Y,4.46,,,,
Hamdi2013,24,,91,Gershenson et al. 2009,,,Gersh-RW,,forest,temperate,5,equal-time,N,3.39,,,,
Hamdi2013,24,,91,Gershenson et al. 2009,,,Gersh-RW,,forest,temperate,16,equal-time,Y,2.4,,,,
Hamdi2013,24,,91,Gershenson et al. 2009,,,Gersh-RW,,forest,temperate,16,equal-time,N,2.11,,,,
Hamdi2013,24,,91,Gershenson et al. 2009,,,Gersh-RW,,forest,temperate,26,equal-time,Y,1.67,,,,
Hamdi2013,24,,91,Gershenson et al. 2009,,,Gersh-RW,,forest,temperate,26,equal-time,N,1.71,,,,
Hamdi2013,25,,92,Gillabel et al. 2010,"50_52'42""N","4_39'24""E",Gill,,cultivated,temperate,30,equal-C,N,2,0.54,,,
Hamdi2013,26,,93,Grisi et al. 1998,,,I,,forest,warm,25,equal-time,N,2.2,2.88,0.29,22,6.2
Hamdi2013,26,,94,Grisi et al. 1998,,,II,,cultivated,warm,25,equal-time,N,1.9,2.95,0.18,82,5.1
Hamdi2013,26,,95,Grisi et al. 1998,,,III,,cultivated,warm,25,equal-time,N,1.9,0.95,0.1,15,6.4
Hamdi2013,26,,96,Grisi et al. 1998,,,IV,,cultivated,temperate,25,equal-time,N,1.7,4.09,0.34,68,8.2
Hamdi2013,26,,97,Grisi et al. 1998,,,V,,grassland,temperate,25,equal-time,N,2.1,2.86,0.27,21,6.9
Hamdi2013,26,,98,Grisi et al. 1998,,,VI,,grassland,temperate,25,equal-time,N,1.4,1.5,0.14,8,6.8
Hamdi2013,27,,99,Haddix et al. 2011,10.168 S,62.824 W,Haddix-BR,,forest,temperate,30,equal-C,Y,2.2,1.06,,30,
Hamdi2013,27,,99,Haddix et al. 2011,10.168 S,62.824 W,Haddix-BR,,forest,warm,20,equal-time,N,2.06,1.06,,30,
Hamdi2013,27,,99,Haddix et al. 2011,10.168 S,62.824 W,Haddix-BR,,forest,warm,30,equal-time,Y,1.4,1.06,,30,
Hamdi2013,27,,99,Haddix et al. 2011,10.168 S,62.824 W,Haddix-BR,,forest,warm,30,equal-C,N,1.65,1.06,,30,
Hamdi2013,27,,99,Haddix et al. 2011,10.168 S,62.824 W,Haddix-BR,,grassland,warm,20,equal-time,N,1.58,1.41,,25,
Hamdi2013,27,,99,Haddix et al. 2011,10.168 S,62.824 W,Haddix-BR,,grassland,warm,30,equal-time,Y,4.2,1.41,,25,
Hamdi2013,27,,99,Haddix et al. 2011,10.168 S,62.824 W,Haddix-BR,,grassland,warm,30,equal-C,Y,2.4,1.41,,25,
Hamdi2013,27,,99,Haddix et al. 2011,10.168 S,62.824 W,Haddix-BR,,grassland,warm,30,equal-C,N,2.03,1.41,,25,
Hamdi2013,27,,100,Haddix et al. 2011,40.150 N,103.150 W,Haddix-CO,,cultivated,temperate,20,equal-time,N,1.76,0.69,,28,
Hamdi2013,27,,100,Haddix et al. 2011,40.150 N,103.150 W,Haddix-CO,,cultivated,temperate,30,equal-time,Y,4.6,0.69,,28,
Hamdi2013,27,,100,Haddix et al. 2011,40.150 N,103.150 W,Haddix-CO,,cultivated,temperate,30,equal-C,Y,2.2,0.69,,28,
Hamdi2013,27,,100,Haddix et al. 2011,40.150 N,103.150 W,Haddix-CO,,cultivated,temperate,30,equal-C,N,1.84,0.69,,28,
Hamdi2013,27,,100,Haddix et al. 2011,40.150 N,103.150 W,Haddix-CO,,grassland,temperate,20,equal-time,N,1.86,1.16,,23,
Hamdi2013,27,,100,Haddix et al. 2011,40.150 N,103.150 W,Haddix-CO,,grassland,temperate,30,equal-time,Y,2.8,1.16,,23,
Hamdi2013,27,,100,Haddix et al. 2011,40.150 N,103.150 W,Haddix-CO,,grassland,temperate,30,equal-C,Y,1.5,1.16,,23,
Hamdi2013,27,,100,Haddix et al. 2011,40.150 N,103.150 W,Haddix-CO,,grassland,temperate,30,equal-C,N,1.68,1.16,,23,
Hamdi2013,27,,101,Haddix et al. 2011,,,Haddix-CR,,forest,warm,20,equal-time,N,2.06,20.02,,9,
Hamdi2013,27,,101,Haddix et al. 2011,,,Haddix-CR,,forest,warm,30,equal-time,Y,4.1,20.02,,9,
Hamdi2013,27,,101,Haddix et al. 2011,,,Haddix-CR,,forest,warm,30,equal-C,Y,1.9,20.02,,9,
Hamdi2013,27,,101,Haddix et al. 2011,,,Haddix-CR,,forest,warm,30,equal-C,N,2.3,20.02,,9,
Hamdi2013,27,,101,Haddix et al. 2011,,,Haddix-CR,,grassland,warm,20,equal-time,N,2.08,14.16,,12,
Hamdi2013,27,,101,Haddix et al. 2011,,,Haddix-CR,,grassland,warm,30,equal-time,Y,6.5,14.16,,12,
Hamdi2013,27,,101,Haddix et al. 2011,,,Haddix-CR,,grassland,warm,30,equal-C,Y,2.9,14.16,,12,
Hamdi2013,27,,101,Haddix et al. 2011,,,Haddix-CR,,grassland,warm,30,equal-C,N,2.11,14.16,,12,
Hamdi2013,27,,102,Haddix et al. 2011,46.767 N,100.917 W,Haddix-ND,,cultivated,temperate,20,equal-time,N,1.77,2.8,,33,
Hamdi2013,27,,102,Haddix et al. 2011,46.767 N,100.917 W,Haddix-ND,,cultivated,temperate,30,equal-time,Y,1.3,2.8,,33,
Hamdi2013,27,,102,Haddix et al. 2011,46.767 N,100.917 W,Haddix-ND,,cultivated,temperate,30,equal-C,Y,1.5,2.8,,33,
Hamdi2013,27,,102,Haddix et al. 2011,46.767 N,100.917 W,Haddix-ND,,cultivated,temperate,30,equal-C,N,1.23,2.8,,33,
Hamdi2013,27,,102,Haddix et al. 2011,46.767 N,100.917 W,Haddix-ND,,grassland,temperate,20,equal-time,N,2.07,3.24,,28,
Hamdi2013,27,,102,Haddix et al. 2011,46.767 N,100.917 W,Haddix-ND,,grassland,temperate,30,equal-time,Y,2.7,3.24,,28,
Hamdi2013,27,,102,Haddix et al. 2011,46.767 N,100.917 W,Haddix-ND,,grassland,temperate,30,equal-C,Y,1.7,3.24,,28,
Hamdi2013,27,,102,Haddix et al. 2011,46.767 N,100.917 W,Haddix-ND,,grassland,temperate,30,equal-C,N,1.85,3.24,,28,
Hamdi2013,27,,103,Haddix et al. 2011,50.533 N,103.517 W,Haddix-SK,,cultivated,temperate,20,equal-time,N,1.79,2.29,,61,
Hamdi2013,27,,103,Haddix et al. 2011,50.533 N,103.517 W,Haddix-SK,,cultivated,temperate,30,equal-time,Y,3.3,2.29,,61,
Hamdi2013,27,,103,Haddix et al. 2011,50.533 N,103.517 W,Haddix-SK,,cultivated,temperate,30,equal-C,Y,2,2.29,,61,
Hamdi2013,27,,103,Haddix et al. 2011,50.533 N,103.517 W,Haddix-SK,,cultivated,temperate,30,equal-C,N,1.69,2.29,,61,
Hamdi2013,27,,103,Haddix et al. 2011,50.533 N,103.517 W,Haddix-SK,,grassland,temperate,20,equal-time,N,1.6,3.71,,50,
Hamdi2013,27,,103,Haddix et al. 2011,50.533 N,103.517 W,Haddix-SK,,grassland,temperate,30,equal-time,Y,2.5,3.71,,50,
Hamdi2013,27,,103,Haddix et al. 2011,50.533 N,103.517 W,Haddix-SK,,grassland,temperate,30,equal-C,Y,1.6,3.71,,50,
Hamdi2013,27,,103,Haddix et al. 2011,50.533 N,103.517 W,Haddix-SK,,grassland,temperate,30,equal-C,N,1.38,3.71,,50,
Hamdi2013,27,,104,Haddix et al. 2011,33.939 N,99.413 W,Haddix-TX,,cultivated,warm,20,equal-time,N,1.81,1.02,,44,
Hamdi2013,27,,104,Haddix et al. 2011,33.939 N,99.413 W,Haddix-TX,,cultivated,warm,30,equal-time,Y,3.1,1.02,,44,
Hamdi2013,27,,104,Haddix et al. 2011,33.939 N,99.413 W,Haddix-TX,,cultivated,warm,30,equal-C,Y,1.6,1.02,,44,
Hamdi2013,27,,104,Haddix et al. 2011,33.939 N,99.413 W,Haddix-TX,,cultivated,warm,30,equal-C,N,1.49,1.02,,44,
Hamdi2013,27,,104,Haddix et al. 2011,33.939 N,99.413 W,Haddix-TX,,grassland,warm,20,equal-time,N,1.56,1.12,,31,
Hamdi2013,27,,104,Haddix et al. 2011,33.939 N,99.413 W,Haddix-TX,,grassland,warm,30,equal-time,Y,3.4,1.12,,31,
Hamdi2013,27,,104,Haddix et al. 2011,33.939 N,99.413 W,Haddix-TX,,grassland,warm,30,equal-C,Y,2,1.12,,31,
Hamdi2013,27,,104,Haddix et al. 2011,33.939 N,99.413 W,Haddix-TX,,grassland,warm,30,equal-C,N,1.63,1.12,,31,
Hamdi2013,28,,105,Hamdi et al. 2010,35_43'N,8_35'E,Hamdi-cult,,cultivated,warm,25,equal-time,N,2.05,2.2,,36,8.9
Hamdi2013,28,,105,Hamdi et al. 2010,35_43'N,8_35'E,Hamdi-cult,,cultivated,warm,35,equal-time,N,2.15,2.2,,36,8.9
Hamdi2013,28,,105,Hamdi et al. 2010,35_43'N,8_35'E,Hamdi-cult,,cultivated,warm,45,equal-time,N,1.92,2.2,,36,8.9
Hamdi2013,29,,106,Hartley and Ineson 2008,,,Hartley-Escrick,,cultivated,temperate,15,sequential,N,3.12,4,,,6.5
Hamdi2013,30,,107,Hartley et al. 2008,"68_18'07""N","18_51'16""E",Hartley-tundra,,tundra,cold,6,sequential,N,4.03,,,,
Hamdi2013,31,,108,Hartly et al. 2008,,,Tund,0 to 10,tundra,cold,4,sequential,N,4.35,,,,
Hamdi2013,31,,108,Hartly et al. 2008,,,Tund,0 to 10,tundra,cold,8,sequential,N,3.58,,,,
Hamdi2013,32,,109,Holland et al. 2000,,,Holl-BR-forest,,forest,warm,20,equal-time,N,3.1,2.94,,67.5,
Hamdi2013,32,,109,Holland et al. 2000,,,Holl-BR-forest,,forest,warm,30,equal-time,N,2.2,2.94,,67.5,
Hamdi2013,32,,109,Holland et al. 2000,,,Holl-BR-forest,,forest,warm,40,equal-time,N,1.7,2.94,,67.5,
Hamdi2013,32,,109,Holland et al. 2000,,,Holl-BR-forest,,forest,warm,50,equal-time,N,3.4,2.94,,67.5,
Hamdi2013,32,,110,Holland et al. 2000,,,Holl-BR-grassland,,grassland,warm,20,equal-time,N,3.1,2.39,,49,
Hamdi2013,32,,110,Holland et al. 2000,,,Holl-BR-grassland,,grassland,warm,30,equal-time,N,2,2.39,,49,
Hamdi2013,32,,110,Holland et al. 2000,,,Holl-BR-grassland,,grassland,warm,40,equal-time,N,1.5,2.39,,49,
Hamdi2013,32,,110,Holland et al. 2000,,,Holl-BR-grassland,,grassland,warm,50,equal-time,N,2.3,2.39,,49,
Hamdi2013,32,,111,Holland et al. 2000,,,Holl-CR-forest,,forest,warm,20,equal-time,N,4.1,3.25,,47,
Hamdi2013,32,,111,Holland et al. 2000,,,Holl-CR-forest,,forest,warm,30,equal-time,N,6.4,3.25,,47,
Hamdi2013,32,,111,Holland et al. 2000,,,Holl-CR-forest,,forest,warm,40,equal-time,N,2.2,3.25,,47,
Hamdi2013,32,,111,Holland et al. 2000,,,Holl-CR-forest,,forest,warm,50,equal-time,N,1.4,3.25,,47,
Hamdi2013,32,,112,Holland et al. 2000,,,Holl-CR-grassland10,,grassland,warm,20,equal-time,N,4.8,3.6,,43,
Hamdi2013,32,,112,Holland et al. 2000,,,Holl-CR-grassland10,,grassland,warm,30,equal-time,N,3.4,3.6,,43,
Hamdi2013,32,,112,Holland et al. 2000,,,Holl-CR-grassland10,,grassland,warm,40,equal-time,N,1.4,3.6,,43,
Hamdi2013,32,,112,Holland et al. 2000,,,Holl-CR-grassland10,,grassland,warm,50,equal-time,N,1.9,3.6,,43,
Hamdi2013,32,,113,Holland et al. 2000,,,Holl-CR-grassland2,,grassland,warm,20,equal-time,N,2.6,4.15,,52,
Hamdi2013,32,,113,Holland et al. 2000,,,Holl-CR-grassland2,,grassland,warm,30,equal-time,N,2.6,4.15,,52,
Hamdi2013,32,,113,Holland et al. 2000,,,Holl-CR-grassland2,,grassland,warm,40,equal-time,N,1.1,4.15,,52,
Hamdi2013,32,,113,Holland et al. 2000,,,Holl-CR-grassland2,,grassland,warm,50,equal-time,N,1.5,4.15,,52,
Hamdi2013,32,,114,Holland et al. 2000,,,Holl-CR-grassland25,,grassland,warm,20,equal-time,N,3.1,4.65,,57,
Hamdi2013,32,,114,Holland et al. 2000,,,Holl-CR-grassland25,,grassland,warm,30,equal-time,N,2.4,4.65,,57,
Hamdi2013,32,,114,Holland et al. 2000,,,Holl-CR-grassland25,,grassland,warm,40,equal-time,N,1.3,4.65,,57,
Hamdi2013,32,,114,Holland et al. 2000,,,Holl-CR-grassland25,,grassland,warm,50,equal-time,N,1.6,4.65,,57,
Hamdi2013,32,,115,Holland et al. 2000,,,Holl-HW-forest1700,,forest,warm,20,equal-time,N,2.8,26.6,,,
Hamdi2013,32,,115,Holland et al. 2000,,,Holl-HW-forest1700,,forest,warm,30,equal-time,N,1.2,26.6,,,
Hamdi2013,32,,115,Holland et al. 2000,,,Holl-HW-forest1700,,forest,warm,40,equal-time,N,1.7,26.6,,,
Hamdi2013,32,,115,Holland et al. 2000,,,Holl-HW-forest1700,,forest,warm,50,equal-time,N,1.9,26.6,,,
Hamdi2013,32,,116,Holland et al. 2000,,,Holl-HW-forest800,,forest,warm,20,equal-time,N,1.6,21.3,,,
Hamdi2013,32,,116,Holland et al. 2000,,,Holl-HW-forest800,,forest,warm,30,equal-time,N,1.6,21.3,,,
Hamdi2013,32,,116,Holland et al. 2000,,,Holl-HW-forest800,,forest,warm,40,equal-time,N,1.6,21.3,,,
Hamdi2013,32,,116,Holland et al. 2000,,,Holl-HW-forest800,,forest,warm,50,equal-time,N,1.5,21.3,,,
Hamdi2013,32,,117,Holland et al. 2000,,,Holl-HW-grassland1700,,grassland,warm,20,equal-time,N,2,27.4,,,
Hamdi2013,32,,117,Holland et al. 2000,,,Holl-HW-grassland1700,,grassland,warm,30,equal-time,N,1.5,27.4,,,
Hamdi2013,32,,117,Holland et al. 2000,,,Holl-HW-grassland1700,,grassland,warm,40,equal-time,N,1.6,27.4,,,
Hamdi2013,32,,117,Holland et al. 2000,,,Holl-HW-grassland1700,,grassland,warm,50,equal-time,N,1.7,27.4,,,
Hamdi2013,32,,118,Holland et al. 2000,,,Holl-HW-grassland800,,grassland,warm,20,equal-time,N,1.8,18,,,
Hamdi2013,32,,118,Holland et al. 2000,,,Holl-HW-grassland800,,grassland,warm,30,equal-time,N,1.6,18,,,
Hamdi2013,32,,118,Holland et al. 2000,,,Holl-HW-grassland800,,grassland,warm,40,equal-time,N,1.8,18,,,
Hamdi2013,32,,118,Holland et al. 2000,,,Holl-HW-grassland800,,grassland,warm,50,equal-time,N,2.2,18,,,
Hamdi2013,32,,119,Holland et al. 2000,,,Holl-TX-forest,,forest,warm,20,equal-time,N,0.8,2.3,,23,
Hamdi2013,32,,119,Holland et al. 2000,,,Holl-TX-forest,,forest,warm,30,equal-time,N,1.5,2.3,,23,
Hamdi2013,32,,119,Holland et al. 2000,,,Holl-TX-forest,,forest,warm,40,equal-time,N,3.2,2.3,,23,
Hamdi2013,32,,119,Holland et al. 2000,,,Holl-TX-forest,,forest,warm,50,equal-time,N,1.7,2.3,,23,
Hamdi2013,32,,120,Holland et al. 2000,,,Holl-TX-grassland,,grassland,warm,20,equal-time,N,0.5,0.84,,16,
Hamdi2013,32,,120,Holland et al. 2000,,,Holl-TX-grassland,,grassland,warm,30,equal-time,N,2.2,0.84,,16,
Hamdi2013,32,,120,Holland et al. 2000,,,Holl-TX-grassland,,grassland,warm,40,equal-time,N,2.7,0.84,,16,
Hamdi2013,32,,120,Holland et al. 2000,,,Holl-TX-grassland,,grassland,warm,50,equal-time,N,2,0.84,,16,
Hamdi2013,33,,121,Hopkins et al. 2006,,,Hopk-D,,polar desert,cold,10,equal-time,Y,3.3,,,,
Hamdi2013,33,,121,Hopkins et al. 2006,,,Hopk-D,,polar desert,cold,10,equal-time,N,1.2,0.05,,,
Hamdi2013,33,,121,Hopkins et al. 2006,,,Hopk-D,,polar desert,cold,14.5,equal-time,Y,2,,,,
Hamdi2013,33,,121,Hopkins et al. 2006,,,Hopk-D,,polar desert,cold,14.5,equal-time,N,1.2,0.05,,,
Hamdi2013,33,,122,Hopkins et al. 2006,,,Hopk-HS,,polar desert,cold,10,equal-time,Y,3.4,,,,
Hamdi2013,33,,122,Hopkins et al. 2006,,,Hopk-HS,,polar desert,cold,10,equal-time,N,1.6,0.14,,,
Hamdi2013,33,,122,Hopkins et al. 2006,,,Hopk-HS,,polar desert,cold,14.5,equal-time,Y,2.8,,,,
Hamdi2013,33,,122,Hopkins et al. 2006,,,Hopk-HS,,polar desert,cold,14.5,equal-time,N,2,0.14,,,
Hamdi2013,33,,123,Hopkins et al. 2006,,,Hopk-LS,,polar desert,cold,10,equal-time,Y,3.4,,,,
Hamdi2013,33,,123,Hopkins et al. 2006,,,Hopk-LS,,polar desert,cold,10,equal-time,N,3.3,2.99,,,
Hamdi2013,33,,123,Hopkins et al. 2006,,,Hopk-LS,,polar desert,cold,14.5,equal-time,Y,3.6,,,,
Hamdi2013,33,,123,Hopkins et al. 2006,,,Hopk-LS,,polar desert,cold,14.5,equal-time,N,3,2.99,,,
Hamdi2013,33,,124,Hopkins et al. 2006,,,Hopk-P,,polar desert,cold,10,equal-time,Y,5,,,,
Hamdi2013,33,,124,Hopkins et al. 2006,,,Hopk-P,,polar desert,cold,10,equal-time,N,1.4,0.16,,,
Hamdi2013,33,,124,Hopkins et al. 2006,,,Hopk-P,,polar desert,cold,14.5,equal-time,Y,4.4,,,,
Hamdi2013,33,,124,Hopkins et al. 2006,,,Hopk-P,,polar desert,cold,14.5,equal-time,N,2,0.16,,,
Hamdi2013,33,,125,Hopkins et al. 2006,,,Hopk-SE,,polar desert,cold,10,equal-time,Y,6.9,,,,
Hamdi2013,33,,125,Hopkins et al. 2006,,,Hopk-SE,,polar desert,cold,10,equal-time,N,1.9,0.37,,,
Hamdi2013,33,,125,Hopkins et al. 2006,,,Hopk-SE,,polar desert,cold,14.5,equal-time,Y,2,,,,
Hamdi2013,33,,125,Hopkins et al. 2006,,,Hopk-SE,,polar desert,cold,14.5,equal-time,N,1.9,0.37,,,
Hamdi2013,34,,126,Huntjens et al. 1981,,,Hut,1 to 5,cultivated,temperate,16.5,equal-time,N,3.2,1.2,,,6.2
Hamdi2013,34,,126,Huntjens et al. 1981,,,Hut,1 to 5,grassland,temperate,16.5,equal-time,N,5.7,1.76,,,6.7
Hamdi2013,35,,127,Jenkins and Adams 2011,36_10'S,148_54'E,G,0 to 10,grassland,temperate,30,sequential,N,2.61,4.1,0.5,31,5.3
Hamdi2013,35,,127,Jenkins and Adams 2011,36_10'S,148_54'E,G,10 to 30,grassland,temperate,30,sequential,N,2.4,3.3,0.4,31,5.3
Hamdi2013,35,,127,Jenkins and Adams 2011,36_10'S,148_54'E,G,30 to 50,grassland,temperate,30,sequential,N,2.23,2.2,0.2,31,5.3
Hamdi2013,35,,128,Jenkins and Adams 2011,36_10'S,148_54'E,WG,0 to 10,forest,temperate,30,sequential,N,2.44,5,0.9,31,5
Hamdi2013,35,,128,Jenkins and Adams 2011,36_10'S,148_54'E,WG,10 to 30,forest,temperate,30,sequential,N,2.63,3.8,0.6,31,5.1
Hamdi2013,35,,128,Jenkins and Adams 2011,36_10'S,148_54'E,WG,30 to 50,forest,temperate,30,sequential,N,2.55,2.4,0.3,31,5.2
Hamdi2013,35,,129,Jenkins and Adams 2011,36_10'S,148_54'E,WS,0 to 10,forest,temperate,30,sequential,N,2.56,8.5,0.9,31,5
Hamdi2013,35,,129,Jenkins and Adams 2011,36_10'S,148_54'E,WS,10 to 30,forest,temperate,30,sequential,N,2.42,6.1,0.6,31,5
Hamdi2013,35,,129,Jenkins and Adams 2011,36_10'S,148_54'E,WS,30 to 50,forest,temperate,30,sequential,N,2.29,3.5,0.3,31,5.2
Hamdi2013,36,,130,Jonard et al. 2007,50_01'N,4_24'E,Beech,1.5 to 2.5,forest,temperate,11,equal-time,N,1.5,,,,
Hamdi2013,36,,130,Jonard et al. 2007,50_01'N,4_24'E,Beech,2.5 to 30,forest,temperate,11,equal-time,N,1.71,,,,
Hamdi2013,36,,131,Jonard et al. 2007,50_01'N,4_24'E,Mixt,2.5 to 30,forest,temperate,11,equal-time,N,2.01,,,,
Hamdi2013,36,,132,Jonard et al. 2007,50_01'N,4_24'E,Mxt,1.5 to 2.5,forest,temperate,11,equal-time,N,1.71,,,,
Hamdi2013,36,,133,Jonard et al. 2007,50_01'N,4_24'E,Oak,1.5 to 2.5,forest,temperate,11,equal-time,N,1.56,,,,
Hamdi2013,36,,133,Jonard et al. 2007,50_01'N,4_24'E,Oak,2.5 to 30,forest,temperate,11,equal-time,N,2.27,,,,
Hamdi2013,37,,134,Katterer et al. 98,,,Katt_01,,forest,temperate,21,model,N,1.92,1,,,
Hamdi2013,37,,135,Katterer et al. 98,,,Katt_02,,cultivated,temperate,17.5,model,N,2.15,34.6,,,
Hamdi2013,37,,136,Katterer et al. 98,,,Katt_03,,grassland,temperate,14.5,model,N,2.33,4.6,,,
Hamdi2013,37,,137,Katterer et al. 98,,,Katt_08,,grassland,temperate,15,model,N,2.5,43.5,,,
Hamdi2013,37,,138,Katterer et al. 98,,,Katt_09,,grassland,temperate,15,model,N,2.75,6.1,,,
Hamdi2013,37,,139,Katterer et al. 98,,,Katt_11,,cultivated,temperate,15,model,N,2.64,1.8,,,
Hamdi2013,37,,140,Katterer et al. 98,,,Katt_12,,grassland,temperate,19,model,N,1.47,7.4,,,
Hamdi2013,37,,141,Katterer et al. 98,,,Katt_15,,cultivated,temperate,30,model,N,1.75,2.2,,,
Hamdi2013,37,,142,Katterer et al. 98,,,Katt_19,,cultivated,temperate,25,model,N,2.16,2.2,,,
Hamdi2013,37,,143,Katterer et al. 98,,,Katt_22,,cultivated,temperate,30,model,N,1.91,2.56,,,
Hamdi2013,37,,144,Katterer et al. 98,,,Katt_24,,cultivated,temperate,12.5,model,N,2.88,2.37,,,
Hamdi2013,37,,145,Katterer et al. 98,,,Katt_25,,cultivated,temperate,20,model,N,2.33,1.3,,,
Hamdi2013,38,,146,Koch et al. 2007,46_50'N,11_03'E,Koch_F,,grassland,temperate,15,sequential,N,1.9,31,,,4.3
Hamdi2013,38,,147,Koch et al. 2007,46_50'N,11_03'E,Koch_M,,grassland,temperate,15,sequential,N,1.86,17,,,3.9
Hamdi2013,38,,148,Koch et al. 2007,46_50'N,11_03'E,Koch_T,,grassland,temperate,15,sequential,N,2,28,,,4.3
Hamdi2013,38,,149,Koch et al. 2007,46_50'N,11_03'E,Koch_W,,grassland,temperate,15,sequential,N,2.1,35,,,4
Hamdi2013,39,,150,Koepf 1953,,,Koepf,,cultivated,temperate,15,equal-time,N,2.73,1,,10,
Hamdi2013,39,,150,Koepf 1953,,,Koepf,,cultivated,temperate,25,equal-time,N,2.27,1,,10,
Hamdi2013,39,,150,Koepf 1953,,,Koepf,,cultivated,temperate,35,equal-time,N,1.97,1,,10,
Hamdi2013,40,,151,Leifeld and Fuhrer 2005,47_17'N,07_44'E,Arab,25 to 30,cultivated,temperate,15,sequential,N,5.8,1.96,0.29,42,7.2
Hamdi2013,40,,151,Leifeld and Fuhrer 2005,47_17'N,07_44'E,Arab,5 to 10,cultivated,temperate,15,sequential,N,6,3.4,0.36,42,7.2
Hamdi2013,40,,152,Leifeld and Fuhrer 2005,47_17'N,07_44'E,Grass,25 to 30,grassland,temperate,15,sequential,N,4.8,2.46,0.33,43,5.6
Hamdi2013,40,,152,Leifeld and Fuhrer 2005,47_17'N,07_44'E,Grass,5 to 10,grassland,temperate,15,sequential,N,4.8,3.21,0.42,43,5.6
Hamdi2013,41,,153,Liu et al. 2006,42_02'N,116_16'E,A,0 to 10 ,grassland,temperate,19,sequential,N,2.1,1.27,,,8.2
Hamdi2013,41,,154,Liu et al. 2006,42_02'N,116_16'E,B,0 to 10 ,grassland,temperate,19,sequential,N,2.2,1.63,,,8
Hamdi2013,41,,155,Liu et al. 2006,42_02'N,116_16'E,Liu-A,,grassland,temperate,19,sequential,N,2.15,1.3,,,8.3
Hamdi2013,41,,156,Liu et al. 2006,42_02'N,116_16'E,Liu-B,,grassland,temperate,19,sequential,N,2.4,1.6,,,7.8
Hamdi2013,42,,157,Mikan et al. 2002,68_38'N,149_38'W,Inter,0 to 15,tundra,cold,-5.25,equal-time,N,89.1,,,,
Hamdi2013,42,,157,Mikan et al. 2002,68_38'N,149_38'W,Inter,0 to 15,tundra,cold,7.25,equal-time,N,4.6,,,,
Hamdi2013,42,,158,Mikan et al. 2002,68_38'N,149_38'W,Shrub,0 to 15,tundra,cold,-5.25,equal-time,N,63.4,,,,
Hamdi2013,42,,158,Mikan et al. 2002,68_38'N,149_38'W,Shrub,0 to 15,tundra,cold,7.25,equal-time,N,4.9,,,,
Hamdi2013,42,,159,Mikan et al. 2002,68_38'N,149_38'W,Tuss,0 to 15,tundra,cold,-5.25,equal-time,N,89.8,,,,
Hamdi2013,42,,159,Mikan et al. 2002,68_38'N,149_38'W,Tuss,0 to 15,tundra,cold,7.25,equal-time,N,9.4,,,,
Hamdi2013,42,,160,Mikan et al. 2002,68_38'N,149_38'W,WM0-5,0 to 5,tundra,cold,-5.25,equal-time,N,191.3,,,,
Hamdi2013,42,,160,Mikan et al. 2002,68_38'N,149_38'W,WM0-5,0 to 5,tundra,cold,7.25,equal-time,N,5.1,,,,
Hamdi2013,42,,161,Mikan et al. 2002,68_38'N,149_38'W,WM15-25,15 to 25,tundra,cold,-5.25,equal-time,N,164.7,,,,
Hamdi2013,42,,161,Mikan et al. 2002,68_38'N,149_38'W,WM15-25,15 to 25,tundra,cold,7.25,equal-time,N,9.4,,,,
Hamdi2013,42,,162,Mikan et al. 2002,68_38'N,149_38'W,WM5-15,5 to 15,tundra,cold,-5.25,equal-time,N,237,,,,
Hamdi2013,42,,162,Mikan et al. 2002,68_38'N,149_38'W,WM5-15,5 to 15,tundra,cold,7.25,equal-time,N,6.4,,,,
Hamdi2013,43,,163,Miller et al. 2007,,,DM-alp,0 to 10,grassland,cold,2.5,equal-time,N,2.6,12.4,0.8,,5
Hamdi2013,43,,164,Miller et al. 2007,,,WM-alp,0 to 10,grassland,cold,2.5,equal-time,N,4.5,13.8,1,,5
Hamdi2013,43,,165,Miller et al. 2007,,,WM-subalp,0 to 10,grassland,cold,2.5,equal-time,N,5,15.1,0.9,,5
Hamdi2013,44,,166,Neff and Hooper 2002,67_39.24'N,149_43.09'W,Chan,0 to 10,tundra,cold,20,equal-time,N,1.79,44,1.35,,
Hamdi2013,44,,167,Neff and Hooper 2002,64_52.06'N,147_47.16'W,Fair,0 to 10,tundra,cold,20,equal-time,N,2,44,0.92,,
Hamdi2013,44,,168,Neff and Hooper 2002,70_14.39'N,148_29.73'W,Sag,0 to 10,tundra,cold,20,equal-time,N,2.09,45,1.28,,
Hamdi2013,44,,169,Neff and Hooper 2002,69_40.92'N,149_4.15'W,Tool,0 to 10,tundra,cold,20,equal-time,N,1.69,40,1.46,,
Hamdi2013,45,,170,Niklinska et al. 1999,58_03'N, 14_08'E,B,,forest,temperate,7.5,equal-time,N,2.72,52.83333333,0.105,,5.9
Hamdi2013,45,,170,Niklinska et al. 1999,58_03'N, 14_08'E,B,,forest,temperate,12.5,equal-time,N,3.19,52.83333333,0.105,,5.9
Hamdi2013,45,,170,Niklinska et al. 1999,58_03'N, 14_08'E,B,,forest,temperate,17.5,equal-time,N,2.06,52.83333333,0.105,,5.9
Hamdi2013,45,,170,Niklinska et al. 1999,58_03'N, 14_08'E,B,,forest,temperate,22.5,equal-time,N,0.68,52.83333333,0.105,,5.9
Hamdi2013,45,,171,Niklinska et al. 1999,52_41'N,23_47'E,C,,forest,temperate,7.5,equal-time,N,4.78,25.66666667,0.085,,6.1
Hamdi2013,45,,171,Niklinska et al. 1999,52_41'N,23_47'E,C,,forest,temperate,12.5,equal-time,N,2.06,25.66666667,0.085,,6.1
Hamdi2013,45,,171,Niklinska et al. 1999,52_41'N,23_47'E,C,,forest,temperate,17.5,equal-time,N,1.26,25.66666667,0.085,,6.1
Hamdi2013,45,,171,Niklinska et al. 1999,52_41'N,23_47'E,C,,forest,temperate,22.5,equal-time,N,1.55,25.66666667,0.085,,6.1
Hamdi2013,45,,172,Niklinska et al. 1999,42_40'N,03_20'E,E,,forest,temperate,7.5,equal-time,N,2.4,41.66666667,0.093,,6.3
Hamdi2013,45,,172,Niklinska et al. 1999,42_40'N,03_20'E,E,,forest,temperate,12.5,equal-time,N,3.03,41.66666667,0.093,,6.3
Hamdi2013,45,,172,Niklinska et al. 1999,42_40'N,03_20'E,E,,forest,temperate,17.5,equal-time,N,1.42,41.66666667,0.093,,6.3
Hamdi2013,45,,172,Niklinska et al. 1999,42_40'N,03_20'E,E,,forest,temperate,22.5,equal-time,N,1.17,41.66666667,0.093,,6.3
Hamdi2013,45,,173,Niklinska et al. 1999,66_08'N,16_01'E,H,,forest,temperate,7.5,equal-time,N,3.25,51.72222222,0.071,,5.6
Hamdi2013,45,,173,Niklinska et al. 1999,66_08'N,16_01'E,H,,forest,temperate,12.5,equal-time,N,4.69,51.72222222,0.071,,5.6
Hamdi2013,45,,173,Niklinska et al. 1999,66_08'N,16_01'E,H,,forest,temperate,17.5,equal-time,N,1.92,51.72222222,0.071,,5.6
Hamdi2013,45,,173,Niklinska et al. 1999,66_08'N,16_01'E,H,,forest,temperate,22.5,equal-time,N,1,51.72222222,0.071,,5.6
Hamdi2013,45,,174,Niklinska et al. 1999,60_49'N,16_01'E,J,,forest,temperate,7.5,equal-time,N,3.07,51.44444444,0.116,,5.8
Hamdi2013,45,,174,Niklinska et al. 1999,60_49'N,16_01'E,J,,forest,temperate,12.5,equal-time,N,2.27,51.44444444,0.116,,5.8
Hamdi2013,45,,174,Niklinska et al. 1999,60_49'N,16_01'E,J,,forest,temperate,17.5,equal-time,N,2.2,51.44444444,0.116,,5.8
Hamdi2013,45,,174,Niklinska et al. 1999,60_49'N,16_01'E,J,,forest,temperate,22.5,equal-time,N,1.07,51.44444444,0.116,,5.8
Hamdi2013,45,,175,Niklinska et al. 1999,44_11'N,03_24'E,L,,forest,temperate,7.5,equal-time,N,4.68,47.16666667,0.091,,6.1
Hamdi2013,45,,175,Niklinska et al. 1999,44_11'N,03_24'E,L,,forest,temperate,12.5,equal-time,N,1.94,47.16666667,0.091,,6.1
Hamdi2013,45,,175,Niklinska et al. 1999,44_11'N,03_24'E,L,,forest,temperate,17.5,equal-time,N,1.34,47.16666667,0.091,,6.1
Hamdi2013,45,,175,Niklinska et al. 1999,44_11'N,03_24'E,L,,forest,temperate,22.5,equal-time,N,1.28,47.16666667,0.091,,6.1
Hamdi2013,45,,176,Niklinska et al. 1999,52_22'N,14_36'E,O,,forest,temperate,7.5,equal-time,N,4.34,46.16666667,0.167,,5.9
Hamdi2013,45,,176,Niklinska et al. 1999,52_22'N,14_36'E,O,,forest,temperate,12.5,equal-time,N,3.27,46.16666667,0.167,,5.9
Hamdi2013,45,,176,Niklinska et al. 1999,52_22'N,14_36'E,O,,forest,temperate,17.5,equal-time,N,1.97,46.16666667,0.167,,5.9
Hamdi2013,45,,176,Niklinska et al. 1999,52_22'N,14_36'E,O,,forest,temperate,22.5,equal-time,N,1.14,46.16666667,0.167,,5.9
Hamdi2013,46,,177,Philipps et al. 2012,46_46'N,100_55'W,Grass,,grassland,temperate,-5,sequential,N,4.8,4,,,6.2
Hamdi2013,47,,178,Rasmussen et al. 2006,,,PP-AN,0 to 6,forest,temperate,8.75,equal-time,N,6.22,9.8,,25.4,
Hamdi2013,47,,179,Rasmussen et al. 2006,,,PP-BS,0 to 7,forest,temperate,8.75,equal-time,N,6.33,7,,26.8,
Hamdi2013,47,,180,Rasmussen et al. 2006,,,PP-GR,0 to 7,forest,temperate,8.75,equal-time,N,4.78,6.5,,14,
Hamdi2013,47,,181,Rasmussen et al. 2006,,,RF-AN,0 to 11,forest,temperate,8.75,equal-time,N,3.78,9.7,,7.7,
Hamdi2013,47,,182,Rasmussen et al. 2006,,,RF-BS,0 to 8,forest,temperate,8.75,equal-time,N,2.68,16.1,,6.7,
Hamdi2013,47,,183,Rasmussen et al. 2006,,,RF-GR,0 to 8,forest,temperate,8.75,equal-time,N,1.83,5.3,,8.7,
Hamdi2013,47,,184,Rasmussen et al. 2006,,,WF-AN,0 to 11,forest,temperate,8.75,equal-time,N,7.12,8.4,,9.4,
Hamdi2013,47,,185,Rasmussen et al. 2006,,,WF-BS,0 to 10,forest,temperate,8.75,equal-time,N,5.8,9.3,,6.3,
Hamdi2013,47,,186,Rasmussen et al. 2006,,,WF-GR,0 to 13,forest,temperate,8.75,equal-time,N,4.66,5.1,,7.7,
Hamdi2013,48,,187,Reichstein et al. 2000,,,Gully,,tundra,cold,15,model,N,2.8,5.65,0.37,,3.6
Hamdi2013,48,,188,Reichstein et al. 2000,,,Ridge,,tundra,cold,15,model,N,2.5,40.31,1.33,,3
Hamdi2013,49,,189,Reichstein et al. 2005,,,Reich2005-min,,forest,temperate,15,model,N,2.58,4.5,,10,3
Hamdi2013,49,,189,Reichstein et al. 2005,,,Reich2005-min,,forest,temperate,15,sequential,N,2.45,4.5,,10,3
Hamdi2013,49,,190,Reichstein et al. 2005,,,Reich2005-org,,forest,temperate,15,model,N,2.78,40,,,3
Hamdi2013,49,,190,Reichstein et al. 2005,,,Reich2005-org,,forest,temperate,15,sequential,N,2.6,40,,,3
Hamdi2013,50,,191,Rey and Jarvis 2006,41_52'N,13_28'E,COL_0-5,,forest,temperate,17,model,N,2.7,14.8,0.96,,5.9
Hamdi2013,50,,191,Rey and Jarvis 2006,41_52'N,13_28'E,COL_0-5,,forest,temperate,17,equal-C,N,1.9,14.8,0.96,,5.9
Hamdi2013,50,,192,Rey and Jarvis 2006,51_05'N,10_28'E,HAI_0-5,,forest,temperate,17.5,model,N,3.2,7.85,0.61,,3.7
Hamdi2013,50,,192,Rey and Jarvis 2006,51_05'N,10_28'E,HAI_0-5,,forest,temperate,17.5,equal-C,N,2.6,7.85,0.61,,3.7
Hamdi2013,50,,193,Rey and Jarvis 2006,"55_12'46""N","02_02'15""E",HAR_0-5,,forest,temperate,17,model,N,2.8,6.45,0.63,,5.9
Hamdi2013,50,,193,Rey and Jarvis 2006,"55_12'46""N","02_02'15""E",HAR_0-5,,forest,temperate,17,equal-C,N,2.6,6.45,0.63,,5.9
Hamdi2013,50,,194,Rey and Jarvis 2006,48_40'N,"07_05""E",HES_0-5,,forest,temperate,17.5,model,N,2.5,6.45,0.63,,5.9
Hamdi2013,50,,194,Rey and Jarvis 2006,48_40'N,"07_05""E",HES_0-5,,forest,temperate,17.5,equal-C,N,2.5,6.45,0.63,,5.9
Hamdi2013,50,,195,Rey and Jarvis 2006,"52_10'00""N","05_44'38""E",LOO_0-5,,forest,temperate,17.5,model,N,3.1,6.78,0.5,51.73786744,5.2
Hamdi2013,50,,195,Rey and Jarvis 2006,"52_10'00""N","05_44'38""E",LOO_0-5,,forest,temperate,17.5,equal-C,N,2.6,6.78,0.5,51.73786744,5.2
Hamdi2013,50,,196,Rey and Jarvis 2006,11_55'N,"42_24""E",ROC_0-5_20y,,forest,temperate,17,model,N,2.7,3.85,0.26,31.41790048,4.1
Hamdi2013,50,,196,Rey and Jarvis 2006,11_55'N,"42_24""E",ROC_0-5_20y,,forest,temperate,17,equal-C,N,2.2,3.85,0.26,31.41790048,4.1
Hamdi2013,50,,197,Rey and Jarvis 2006,"50_58'00""N","13_34'16""E",THA_0-5_95y,,forest,temperate,17.5,model,N,2.9,8.46,0.49,,3.4
Hamdi2013,50,,197,Rey and Jarvis 2006,"50_58'00""N","13_34'16""E",THA_0-5_95y,,forest,temperate,17.5,equal-C,N,2.75,8.46,0.49,,3.4
Hamdi2013,50,,198,Rey and Jarvis 2006,"50_27'13""N","11_27'27""E",WET_0-5_120y,,forest,temperate,17,model,N,2.9,8.46,0.49,,3.4
Hamdi2013,50,,198,Rey and Jarvis 2006,"50_27'13""N","11_27'27""E",WET_0-5_120y,,forest,temperate,17,equal-C,N,2.5,8.46,0.49,,3.4
Hamdi2013,51,,199,Rey et al. 2008,,,COL_0-5,,forest,temperate,17,model,N,2.48,14.8,0.96,,5.9
Hamdi2013,51,,200,Rey et al. 2008,,,COL_10-20,,forest,temperate,17,model,N,3.25,8.39,0.6,,5.6
Hamdi2013,51,,200,Rey et al. 2008,,,COL_10-20,,forest,temperate,17,equal-time,N,3.03,8.39,0.6,,5.6
Hamdi2013,51,,201,Rey et al. 2008,,,COL_5-10,,forest,temperate,17,model,N,3.15,11.46,0.78,,5.6
Hamdi2013,51,,201,Rey et al. 2008,,,COL_5-10,,forest,temperate,17,equal-time,N,2.72,11.46,0.78,,5.6
Hamdi2013,51,,202,Rey et al. 2008,,,HAI_0-5,,forest,temperate,17.5,model,N,2.7,6.78,0.5,,5.2
Hamdi2013,51,,203,Rey et al. 2008,,,HAI_10-20,,forest,temperate,17.5,model,N,2,2.46,0.23,49.98723047,5.3
Hamdi2013,51,,203,Rey et al. 2008,,,HAI_10-20,,forest,temperate,17.5,equal-time,N,2.56,2.46,0.23,49.98723047,5.3
Hamdi2013,51,,204,Rey et al. 2008,,,HAI_5-10,,forest,temperate,17.5,model,N,2.59,3.89,0.34,50.56341193,5.1
Hamdi2013,51,,204,Rey et al. 2008,,,HAI_5-10,,forest,temperate,17.5,equal-time,N,3.04,3.89,0.34,50.56341193,5.1
Hamdi2013,51,,205,Rey et al. 2008,,,HAR_0-5,,forest,temperate,17,model,N,2.86,7.85,0.61,,3.7
Hamdi2013,51,,206,Rey et al. 2008,,,HAR_10-20,,forest,temperate,17,model,N,3.37,4.93,0.45,,2.8
Hamdi2013,51,,206,Rey et al. 2008,,,HAR_10-20,,forest,temperate,17,equal-time,N,3.07,4.93,0.45,,2.8
Hamdi2013,51,,207,Rey et al. 2008,,,HAR_5-10,,forest,temperate,17,model,N,2.55,6.77,0.6,,3.1
Hamdi2013,51,,207,Rey et al. 2008,,,HAR_5-10,,forest,temperate,17,equal-time,N,2.61,6.77,0.6,,3.1
Hamdi2013,51,,208,Rey et al. 2008,,,HES_0-5,,forest,temperate,17.5,model,N,3.25,3.85,0.26,,4.1
Hamdi2013,51,,209,Rey et al. 2008,,,HES_10-20,,forest,temperate,17.5,model,N,3.11,1.57,0.11,32.02523072,3.8
Hamdi2013,51,,209,Rey et al. 2008,,,HES_10-20,,forest,temperate,17.5,equal-time,N,2.39,1.57,0.11,32.02523072,3.8
Hamdi2013,51,,210,Rey et al. 2008,,,HES_5-10,,forest,temperate,17.5,model,N,3.05,2.15,0.16,31.78116447,3.9
Hamdi2013,51,,210,Rey et al. 2008,,,HES_5-10,,forest,temperate,17.5,equal-time,N,2.57,2.15,0.16,31.78116447,3.9
Hamdi2013,51,,211,Rey et al. 2008,,,LOO_0-5,,forest,temperate,17.5,model,N,3.17,8.46,0.49,,3.4
Hamdi2013,51,,212,Rey et al. 2008,,,LOO_10-20,,forest,temperate,17.5,model,N,3.65,0.58,0.03,,3
Hamdi2013,51,,212,Rey et al. 2008,,,LOO_10-20,,forest,temperate,17.5,equal-time,N,2.67,0.58,0.03,,3
Hamdi2013,51,,213,Rey et al. 2008,,,LOO_5-10,,forest,temperate,17.5,model,N,3.28,0.72,0.05,,3.3
Hamdi2013,51,,213,Rey et al. 2008,,,LOO_5-10,,forest,temperate,17.5,equal-time,N,3.5,0.72,0.05,,3.3
Hamdi2013,51,,214,Rey et al. 2008,,,ROC_0-5_20y,,forest,temperate,17,model,N,2.7,6.45,0.63,,5.9
Hamdi2013,51,,215,Rey et al. 2008,,,ROC_10-20_20y,,forest,temperate,17,model,N,2.79,1.99,0.1,,5.2
Hamdi2013,51,,215,Rey et al. 2008,,,ROC_10-20_20y,,forest,temperate,17,equal-time,N,2.38,1.99,0.1,,5.2
Hamdi2013,51,,216,Rey et al. 2008,,,ROC_5-10_20y,,forest,temperate,17,model,N,2.96,3.43,0.56,,5.6
Hamdi2013,51,,216,Rey et al. 2008,,,ROC_5-10_20y,,forest,temperate,17,equal-time,N,2.69,3.43,0.56,,5.6
Hamdi2013,51,,217,Rey et al. 2008,,,THA_0-5_95y,,forest,temperate,17.5,model,N,2.94,36.7,1.54,,3.9
Hamdi2013,51,,218,Rey et al. 2008,,,THA_10-20_95y,,forest,temperate,17.5,model,N,,4.38,0.16,,3.9
Hamdi2013,51,,218,Rey et al. 2008,,,THA_10-20_95y,,forest,temperate,17.5,equal-time,N,1.83,4.38,0.16,,3.9
Hamdi2013,51,,219,Rey et al. 2008,,,THA_5-10_95y,,forest,temperate,17.5,model,N,,7.3,0.27,,3.9
Hamdi2013,51,,219,Rey et al. 2008,,,THA_5-10_95y,,forest,temperate,17.5,equal-time,N,2.15,7.3,0.27,,3.9
Hamdi2013,51,,220,Rey et al. 2008,,,WET_0-5_120y,,forest,temperate,17,model,N,2.92,30.8,1.41,,3.6
Hamdi2013,51,,221,Rey et al. 2008,,,WET_10-20_120y,,forest,temperate,17,model,N,3.41,8.51,0.37,36.55790965,3.1
Hamdi2013,51,,221,Rey et al. 2008,,,WET_10-20_120y,,forest,temperate,17,equal-time,N,2.39,8.51,0.37,36.55790965,3.1
Hamdi2013,51,,222,Rey et al. 2008,,,WET_5-10_120y,,forest,temperate,17,model,N,3.07,17.27,0.73,26.26863862,3.1
Hamdi2013,51,,222,Rey et al. 2008,,,WET_5-10_120y,,forest,temperate,17,equal-time,N,2.44,17.27,0.73,26.26863862,3.1
Hamdi2013,52,,223,Rodionow et al. 2006,67_29.90'N,86_25.26'E,P0,0 to 10,grassland,temperate,10,equal-time,N,2.52,2.5,0.24,17.2,6.3
Hamdi2013,52,,224,Rodionow et al. 2006,67_29.90'N,86_25.26'E,P1,0 to 10,tundra,cold,10,equal-time,N,2.17,3.6,0.14,24,5.5
Hamdi2013,52,,224,Rodionow et al. 2006,67_29.90'N,86_25.26'E,P1,10 to 40,tundra,cold,10,equal-time,N,2.18,0.8,0.05,18,5.8
Hamdi2013,52,,225,Rodionow et al. 2006,67_29.90'N,86_25.26'E,P2,0 to 30,tundra,cold,10,equal-time,N,2,3,0.19,28,5.5
Hamdi2013,52,,225,Rodionow et al. 2006,67_29.90'N,86_25.26'E,P2,0 to 40,tundra,cold,10,equal-time,N,2.43,5.3,0.28,27.6,6.4
Hamdi2013,52,,226,Rodionow et al. 2006,67_29.90'N,86_25.26'E,P3,0 to 20,tundra,cold,10,equal-time,N,3.08,7.4,0.4,30.3,5.9
Hamdi2013,52,,226,Rodionow et al. 2006,67_29.90'N,86_25.26'E,P3,20 to 30,tundra,cold,10,equal-time,N,2.37,12.8,0.7,28.4,6
Hamdi2013,53,,227,Shaver et al. 2006,68_37'N,149_36'W,Shav,,tundra,cold,11,equal-time,N,2.13,33,,,
Hamdi2013,54,,228,Shrestha et al. 2004,28_19.4'N,83_52.4'E,Nep,0 to 10,forest,,10,equal-time,N,3.4,3.4,,,4.7
Hamdi2013,54,,228,Shrestha et al. 2004,28_19.4'N,83_52.4'E,Nep,0 to 10,forest,,17.5,equal-time,N,1.8,3.4,,,4.7
Hamdi2013,55,,229,Song et al. 2010,37_32'N,101_15'E,Camb,0 to 10,tundra,cold,12.5,equal-time,N,1.18,10,,,
Hamdi2013,56,,230,Townsend et al. 1997,,,Town_forest1500,,forest,warm,25,equal-time,N,1.5,26,,,
Hamdi2013,56,,230,Townsend et al. 1997,,,Town_forest1500,,forest,warm,35,equal-time,N,1.4,26,,,
Hamdi2013,56,,231,Townsend et al. 1997,,,Town_forest900,,forest,warm,25,equal-time,N,1.55,14.4,,,
Hamdi2013,56,,231,Townsend et al. 1997,,,Town_forest900,,forest,warm,35,equal-time,N,1.35,14.4,,,
Hamdi2013,56,,232,Townsend et al. 1997,,,Town_past100,,grassland,warm,25,equal-time,N,1.7,9.6,,,
Hamdi2013,56,,232,Townsend et al. 1997,,,Town_past100,,grassland,warm,35,equal-time,N,1.3,9.6,,,
Hamdi2013,56,,233,Townsend et al. 1997,,,Town_past1700,,grassland,warm,25,equal-time,N,1.9,21,,,
Hamdi2013,56,,233,Townsend et al. 1997,,,Town_past1700,,grassland,warm,35,equal-time,N,1.5,21,,,
Hamdi2013,56,,234,Townsend et al. 1997,,,Town_past800,,grassland,warm,25,equal-time,N,1.8,15.1,,,
Hamdi2013,56,,234,Townsend et al. 1997,,,Town_past800,,grassland,warm,35,equal-time,N,1.4,15.1,,,
Hamdi2013,57,,235,Vanhala et al. 2007,,,Van_Control,,cultivated,temperate,20,equal-time,N,3.41,9,,,
Hamdi2013,57,,235,Vanhala et al. 2007,,,Van_Control,,cultivated,temperate,26,equal-time,N,3.59,9,,,
Hamdi2013,57,,236,Vanhala et al. 2007,,,Van_Maize,,cultivated,temperate,20,equal-time,N,3.46,10.5,,,
Hamdi2013,57,,236,Vanhala et al. 2007,,,Van_Maize,,cultivated,temperate,26,equal-time,N,3.38,10.5,,,
Hamdi2013,58,,237,Wang et al. 2010,"53_12'08""N","122_16'43""E",Beij1,10 to 20,peat,cold,12.5,equal-time,N,2.05,44.43,1.31,,3.93
Hamdi2013,58,,238,Wang et al. 2010,"53_12'08""N","122_16'43""E",Beij2,20 to 30,peat,cold,12.5,equal-time,N,1.96,40.56,1.65,,3.52
Hamdi2013,58,,239,Wang et al. 2010,"52_09'10""N","122_57'18""E",Fei1,10 to 20,peat,cold,12.5,equal-time,N,2.44,42.93,1.34,,4.13
Hamdi2013,58,,240,Wang et al. 2010,"52_09'10""N","122_57'18""E",Fei2,20 to 30,peat,cold,12.5,equal-time,N,2.37,37.86,1.71,,3.9
Hamdi2013,58,,241,Wang et al. 2010,"51_45'34""N", 123_02'34E,Huz1,10 to 20,peat,cold,12.5,equal-time,N,2.15,45.01,1.41,,3.88
Hamdi2013,58,,242,Wang et al. 2010,"51_45'34""N", 123_02'34E,Huz2,20 to 30,peat,cold,12.5,equal-time,N,2.2,41.03,1.7,,3.7
Hamdi2013,58,,243,Wang et al. 2010,"52_55'59""N","122_46'26""E",Tuqi1,10 to 20,peat,cold,12.5,equal-time,N,2.07,45.16,1.38,,3.86
Hamdi2013,58,,244,Wang et al. 2010,"52_55'59""N","122_46'26""E",Tuqi2,20 to 30,peat,cold,12.5,equal-time,N,2.06,43.37,1.64,,3.72
Hamdi2013,58,,245,Wang et al. 2010,"52_45'07""N","122_37'57""E",Zhua1,10 to 20,peat,cold,12.5,equal-time,N,2.09,45.22,1.43,,3.88
Hamdi2013,58,,246,Wang et al. 2010,"52_45'07""N","122_37'57""E",Zhua2,20 to 30,peat,cold,12.5,equal-time,N,2.15,41.3,1.59,,3.58
Hamdi2013,59,,247,Wickland and Neff 2008,63_53'N,145_44'W,MD,,forest,cold,15,equal-time,N,1.7,29.6,1.18,,
Hamdi2013,59,,248,Wickland and Neff 2008,64_42'N,148_19'W,PD,,forest,cold,15,equal-time,N,1.6,34.7,1.58,,
Hamdi2013,59,,249,Wickland and Neff 2008,63_53'N,145_44'W,WD,,forest,cold,15,equal-time,N,1.9,31,1.16,,
Hamdi2013,60,,250,Winkler et al. 1996,63_53'N,145_44'W,Wink,0 to 28,forest,temperate,16,equal-time,N,1.8,,,,
Hamdi2013,61,,251,Xu et al. 2012,34_59'N,97_31'W,C,0 to 20,grassland,temperate,20,sequential,N,2.61,1.24,0.113,,7
Hamdi2013,62,,252,Zhang et al. 2007,30_22.477'N,113_21.286'N,EP,0 to 15,cultivated,temperate,22.5,equal-time,N,2.26,1.77,0.176,45.3,7.15
Hamdi2013,62,,253,Zhang et al. 2007,29_48.597'N,106_25.584'N,PP,0 to 15,cultivated,temperate,22.5,equal-time,N,1.09,1.75,0.135,26.5,6.89
Hamdi2013,62,,254,Zhang et al. 2007,28_21.133'N,116_10.551'N,RP,0 to 15,cultivated,temperate,22.5,equal-time,N,1.72,2.44,0.223,25.9,5.54
Hamdi2013,63,,255,Zhu and Cheng 2011,,,Cult,0 to 30,cultivated,temperate,22.5,equal-C,N,2.25,0.94,0.11,,
Hamdi2013,63,,256,Zhu and Cheng 2011,,,Grass,0 to 30,grassland,temperate,22.5,equal-C,N,1.85,1.2,0.13,,